EmployeeNumber:int,Age:int,Gender:string,MaritalStatus:string,WorkLifeBalance:string,Education:string,MonthlyIncome:int,RelationshipSatisfaction:string,TotalWorkingYears:int,YearsAtCompany:int
1,41,Female,Single,Bad,College,5993,Low,8,6
2,49,Male,Married,Better,Below College,5130,Very High,10,10
4,37,Male,Single,Better,College,2090,Medium,7,0
5,33,Female,Married,Better,Master,2909,High,8,8
7,27,Male,Married,Better,Below College,3468,Very High,6,2
8,32,Male,Single,Good,College,3068,High,8,7
10,59,Female,Married,Good,Bachelor,2670,Low,12,1
11,30,Male,Divorced,Better,Below College,2693,Medium,1,1
12,38,Male,Single,Better,Bachelor,9526,Medium,10,9
13,36,Male,Married,Good,Bachelor,5237,Medium,17,7
14,35,Male,Married,Better,Bachelor,2426,High,6,5
15,29,Female,Single,Better,College,4193,Very High,10,9
16,31,Male,Divorced,Good,Below College,2911,Very High,5,5
18,34,Male,Divorced,Better,College,2661,High,3,2
19,28,Male,Single,Better,Bachelor,2028,Medium,6,4
20,29,Female,Divorced,Better,Master,9980,High,10,10
21,32,Male,Divorced,Good,College,3298,Very High,7,6
22,22,Male,Divorced,Good,College,2935,Medium,1,1
23,53,Female,Married,Better,Master,15427,High,31,25
24,38,Male,Single,Better,Bachelor,3944,High,6,3
26,24,Female,Divorced,Good,College,4011,Very High,5,4
27,36,Male,Single,Better,Master,3407,Medium,10,5
28,34,Female,Single,Better,Master,11994,High,13,12
30,21,Male,Single,Better,College,1232,Very High,0,0
31,34,Male,Single,Better,Below College,2960,High,8,4
32,53,Female,Divorced,Good,Bachelor,19094,Very High,26,14
33,32,Female,Single,Better,Below College,3919,Medium,10,10
35,42,Male,Married,Better,Master,6825,Very High,10,9
36,44,Female,Married,Better,Master,10248,Very High,24,22
38,46,Female,Single,Good,Master,18947,Very High,22,2
39,33,Male,Single,Better,Bachelor,2496,Very High,7,1
40,44,Male,Married,Best,Master,6465,Very High,9,4
41,30,Male,Single,Better,College,2206,Low,10,10
42,39,Male,Married,Best,Bachelor,2086,High,19,1
45,24,Male,Married,Good,Bachelor,2293,Low,6,2
46,43,Female,Divorced,Good,College,2645,Very High,6,5
47,50,Male,Married,Better,College,2683,High,3,3
49,35,Female,Married,Better,Bachelor,2014,Low,2,2
51,36,Female,Married,Best,Master,3419,Very High,6,1
52,33,Female,Married,Better,Bachelor,5376,Low,10,5
53,35,Male,Divorced,Better,College,1951,High,1,1
54,27,Female,Divorced,Better,Master,2341,Very High,1,1
55,26,Male,Single,Good,Bachelor,2293,High,1,1
56,27,Male,Single,Better,Bachelor,8726,Very High,9,9
57,30,Female,Single,Better,College,4011,Very High,12,12
58,41,Female,Married,Better,Bachelor,19545,Very High,23,22
60,34,Male,Single,Better,Master,4568,High,10,9
61,37,Male,Married,Better,College,3022,Low,8,1
62,46,Male,Single,Better,Master,5772,High,14,9
63,35,Male,Married,Better,Below College,2269,Very High,1,1
64,48,Male,Single,Better,College,5381,Very High,23,1
65,28,Male,Single,Good,Master,3441,High,2,2
68,44,Female,Divorced,Good,Doctor,5454,High,9,4
70,35,Male,Married,Better,College,9884,High,10,4
72,26,Female,Married,Good,Bachelor,4157,High,5,2
73,33,Female,Single,Better,College,13458,High,15,15
74,35,Male,Married,Good,Doctor,9069,Very High,9,9
75,35,Female,Married,Better,Master,4014,High,4,2
76,31,Male,Divorced,Good,Master,5915,Very High,10,7
77,37,Male,Divorced,Best,Master,5993,High,7,7
78,32,Male,Married,Better,Bachelor,6162,Medium,9,9
79,38,Female,Single,Better,Doctor,2406,Very High,10,10
80,50,Female,Divorced,Good,College,18740,Very High,29,27
81,59,Female,Single,Good,Bachelor,7637,Very High,28,21
83,36,Female,Divorced,Better,Bachelor,10096,Medium,17,17
84,55,Female,Divorced,Better,Bachelor,14756,High,21,5
85,36,Male,Single,Better,Bachelor,6499,High,6,6
86,45,Male,Divorced,Better,Bachelor,9724,High,25,1
88,35,Male,Married,Good,Bachelor,2194,Very High,5,3
90,36,Male,Married,Good,Bachelor,3388,Low,2,1
91,59,Female,Single,Good,Below College,5473,Very High,20,4
94,29,Male,Married,Better,Bachelor,2703,Very High,6,5
95,31,Male,Single,Better,Master,2501,Medium,1,1
96,32,Male,Married,Better,Bachelor,6220,Medium,10,10
97,36,Female,Married,Better,Bachelor,3038,Medium,5,1
98,31,Female,Single,Better,Master,4424,Very High,11,11
100,35,Male,Single,Better,Master,4312,Medium,16,15
101,45,Male,Married,Best,Master,13245,Medium,17,0
102,37,Male,Single,Best,Master,13664,Low,16,5
103,46,Male,Divorced,Better,College,5021,Very High,16,4
104,30,Male,Married,Good,Below College,5126,High,10,10
105,35,Male,Single,Better,Bachelor,2859,Low,6,6
106,55,Male,Married,Better,College,10239,Very High,24,1
107,38,Female,Divorced,Better,Bachelor,5329,Very High,17,13
110,34,Male,Married,Better,College,4325,High,5,5
112,56,Male,Single,Good,Bachelor,7260,Low,37,6
113,23,Male,Divorced,Better,Below College,2322,High,3,0
116,51,Male,Married,Better,Master,2075,Medium,10,4
117,30,Male,Married,Better,Bachelor,4152,Low,11,11
118,46,Male,Single,Better,College,9619,Very High,9,9
119,40,Male,Married,Good,Master,13503,Very High,22,22
120,51,Male,Single,Bad,Master,5441,Very High,11,10
121,30,Female,Divorced,Good,College,5209,Medium,11,11
124,46,Male,Married,Good,Bachelor,10673,High,21,10
125,32,Male,Single,Better,Master,5010,Low,12,11
126,54,Female,Married,Bad,Master,13549,Low,16,4
128,24,Female,Married,Good,College,4999,Low,4,3
129,28,Male,Married,Best,Bachelor,4221,Medium,5,5
131,58,Male,Single,Good,Master,13872,High,38,37
132,44,Male,Married,Best,Bachelor,2042,High,17,3
133,37,Male,Divorced,Better,Master,2073,Very High,7,3
134,32,Male,Single,Better,Below College,2956,Very High,1,1
137,20,Female,Single,Better,Bachelor,2926,Medium,1,1
138,34,Female,Single,Better,Master,4809,High,16,16
139,37,Male,Divorced,Best,College,5163,Very High,17,1
140,59,Female,Married,Better,Master,18844,Very High,30,3
141,50,Female,Married,Good,Bachelor,18172,Low,28,8
142,25,Male,Single,Better,Bachelor,5744,Very High,6,6
143,25,Male,Married,Better,Below College,2889,High,2,2
144,22,Female,Single,Better,Bachelor,2871,High,1,0
145,51,Female,Single,Good,Master,7484,High,23,13
147,34,Male,Single,Better,Bachelor,6074,Very High,9,9
148,54,Female,Single,Better,Bachelor,17328,High,23,5
150,24,Male,Married,Better,Below College,2774,High,6,5
151,34,Female,Divorced,Better,Master,4505,High,12,1
152,37,Male,Single,Better,Bachelor,7428,Low,12,5
153,34,Female,Single,Better,Bachelor,11631,Very High,14,11
154,36,Female,Married,Better,College,9738,High,10,9
155,36,Female,Divorced,Better,College,2835,Low,7,1
158,43,Male,Married,Best,College,16959,Very High,25,25
159,30,Male,Divorced,Good,Bachelor,2613,High,10,10
160,33,Male,Married,Best,College,6146,Low,8,7
161,56,Female,Married,Better,Master,4963,Low,7,5
162,51,Male,Single,Better,Bachelor,19537,High,23,20
163,31,Male,Married,Good,Master,6172,Medium,12,7
164,26,Female,Married,Good,Bachelor,2368,High,5,5
165,58,Female,Married,Good,Master,10312,Very High,40,40
167,19,Male,Single,Good,Below College,1675,Very High,0,0
169,22,Male,Married,Better,Below College,2523,High,3,2
170,49,Female,Married,Good,Master,6567,High,16,15
171,43,Female,Single,Better,Bachelor,4739,Very High,18,3
174,50,Female,Single,Better,Bachelor,9208,Very High,16,2
175,31,Female,Married,Better,Bachelor,4559,High,4,2
176,41,Male,Divorced,Better,Below College,8189,High,12,9
177,26,Female,Married,Better,Below College,2942,Very High,8,8
178,36,Male,Divorced,Better,College,4941,Very High,7,3
179,51,Male,Single,Better,Master,10650,Very High,18,4
182,39,Female,Married,Best,Master,5902,High,17,15
183,25,Male,Married,Better,Bachelor,8639,Very High,6,2
184,30,Male,Married,Bad,Bachelor,6347,Very High,12,11
190,32,Female,Single,Best,Bachelor,4200,Low,10,5
192,45,Male,Single,Good,Bachelor,3452,Medium,9,6
193,38,Female,Single,Better,Doctor,4317,Medium,19,3
194,30,Female,Single,Good,Bachelor,2632,High,5,5
195,32,Male,Divorced,Best,College,4668,Very High,9,8
197,30,Female,Divorced,Better,Bachelor,3204,Very High,8,3
198,30,Male,Single,Better,Below College,2720,Very High,6,5
199,41,Male,Divorced,Good,Bachelor,17181,Medium,21,7
200,41,Male,Married,Better,Master,2238,Very High,7,5
201,19,Female,Single,Better,Below College,1483,Very High,1,1
202,40,Female,Divorced,Better,Bachelor,5605,Low,20,20
204,35,Male,Married,Better,Doctor,7295,Low,10,10
205,53,Male,Married,Bad,College,2306,Very High,13,7
206,45,Male,Divorced,Bad,Bachelor,2348,High,20,17
207,32,Female,Single,Better,Bachelor,8998,Very High,9,9
208,29,Male,Married,Better,Below College,4319,Low,10,10
211,51,Male,Married,Better,Master,6132,High,10,1
214,58,Female,Married,Good,Bachelor,3346,Medium,9,1
215,40,Male,Married,Good,Master,10855,Low,15,12
216,34,Female,Married,Better,Master,2231,Very High,6,4
217,22,Male,Married,Better,Below College,2323,Low,2,2
218,27,Male,Divorced,Bad,Bachelor,2024,Very High,6,2
221,28,Male,Married,Bad,Bachelor,2713,High,5,5
223,57,Male,Divorced,Bad,College,9439,Medium,12,5
224,27,Male,Divorced,Good,Bachelor,2566,Very High,1,1
226,50,Female,Single,Better,Bachelor,19926,Medium,21,5
227,41,Male,Divorced,Better,Bachelor,2451,Low,13,9
228,30,Female,Married,Better,Bachelor,9419,High,12,10
230,38,Female,Single,Best,Master,8686,High,12,8
231,32,Male,Single,Better,Doctor,3038,Low,8,5
233,27,Male,Married,Good,Bachelor,3058,Very High,6,5
235,19,Female,Single,Best,Below College,2325,Low,1,0
238,36,Male,Single,Good,College,2088,High,13,8
239,30,Male,Divorced,Better,Bachelor,3072,High,12,12
240,45,Female,Divorced,Best,College,5006,Low,9,5
241,56,Female,Divorced,Better,Bachelor,4257,High,19,2
242,33,Male,Single,Best,Bachelor,2500,Low,4,3
243,19,Male,Single,Good,Bachelor,1102,High,1,1
244,46,Female,Divorced,Better,College,10453,High,24,24
245,38,Female,Single,Better,College,2288,High,2,2
246,31,Female,Married,Better,Below College,3929,High,7,4
247,34,Female,Single,Better,College,2311,Very High,9,3
248,41,Female,Single,Good,College,3140,Very High,4,4
249,50,Male,Married,Good,Bachelor,3690,Very High,5,3
250,53,Female,Divorced,Better,College,4450,High,5,4
252,33,Female,Married,Better,Bachelor,2756,Very High,8,8
253,40,Female,Married,Better,Below College,19033,Medium,21,20
254,55,Male,Single,Better,Master,18722,Very High,36,24
256,34,Male,Married,Good,Below College,9547,High,10,10
258,51,Female,Single,Better,Bachelor,13734,High,21,7
259,52,Male,Married,Better,Master,19999,Low,34,33
260,27,Female,Single,Good,Bachelor,2279,Very High,7,7
261,35,Male,Married,Better,College,5916,Low,8,1
262,43,Male,Divorced,Best,Bachelor,2089,Very High,7,5
264,45,Male,Married,Better,College,16792,Very High,22,20
267,37,Male,Married,Good,Bachelor,3564,Low,8,8
269,35,Female,Single,Better,Bachelor,4425,Very High,10,6
270,42,Female,Divorced,Better,College,5265,Medium,11,5
271,38,Male,Married,Better,Master,6553,Medium,14,1
273,38,Male,Married,Bad,Bachelor,6261,Low,9,7
274,27,Male,Married,Better,Below College,4298,High,6,2
275,49,Male,Divorced,Better,Master,6804,Low,7,7
277,34,Male,Divorced,Best,Master,3815,Very High,5,5
281,40,Male,Married,Best,College,2741,High,15,7
282,38,Male,Married,Better,Below College,6673,Medium,17,1
283,29,Female,Married,Good,Bachelor,7639,Very High,10,10
284,22,Male,Divorced,Good,Bachelor,2328,Low,4,4
286,36,Female,Single,Better,Below College,2153,Low,8,8
287,40,Male,Married,Bad,Doctor,4876,Very High,5,3
288,46,Male,Divorced,Better,Master,9396,High,17,4
291,32,Male,Married,Good,Master,10400,High,14,14
292,30,Male,Single,Better,Below College,8474,High,12,11
293,27,Female,Single,Better,Bachelor,9981,Very High,7,7
296,51,Male,Married,Bad,Master,12490,Very High,16,10
297,30,Female,Single,Better,Bachelor,2657,High,8,5
298,41,Female,Single,Better,Bachelor,13591,High,16,1
299,30,Female,Single,Good,Master,6696,High,9,6
300,29,Male,Single,Good,Bachelor,2058,Very High,7,6
302,45,Female,Single,Better,Bachelor,8865,Very High,23,19
303,54,Female,Married,Better,Bachelor,5940,Very High,16,6
304,36,Male,Single,Best,College,5914,Very High,16,13
305,33,Female,Married,Better,Master,2622,Very High,7,3
306,37,Male,Divorced,Better,Bachelor,12185,High,10,10
307,38,Male,Divorced,Good,Bachelor,10609,High,17,16
308,31,Male,Married,Better,Master,4345,Very High,6,5
309,59,Male,Married,Better,Bachelor,2177,Low,7,1
311,37,Male,Divorced,Better,Master,2793,High,13,9
312,29,Female,Married,Better,Below College,7918,Very High,11,11
314,35,Female,Single,Best,Bachelor,8789,Low,10,10
315,29,Male,Single,Good,Below College,2389,High,4,4
316,52,Female,Single,Good,Bachelor,3212,Medium,6,2
319,42,Male,Married,Better,College,19232,Very High,22,22
321,59,Male,Married,Good,College,2267,Very High,7,2
323,50,Female,Divorced,Good,Master,19517,High,32,7
325,33,Male,Married,Bad,Bachelor,2436,High,8,5
327,43,Female,Married,Better,Bachelor,16064,High,22,17
328,33,Female,Married,Best,College,2707,Low,13,9
329,52,Male,Single,Best,Master,19068,Very High,33,33
330,32,Female,Married,Better,College,3931,Low,6,4
331,32,Male,Single,Bad,Bachelor,3730,Very High,4,3
332,39,Female,Divorced,Better,Master,2232,High,7,3
333,32,Male,Married,Better,Master,4465,Low,4,3
334,41,Male,Divorced,Good,College,3072,Low,17,1
335,40,Male,Divorced,Better,College,3319,Low,9,9
336,45,Male,Married,Better,Bachelor,19202,High,25,24
337,31,Male,Divorced,Better,Master,13675,Low,9,2
338,33,Female,Married,Good,Master,2911,High,2,2
339,34,Male,Married,Better,Master,5957,Medium,13,11
340,37,Female,Married,Good,College,3920,Low,17,3
341,45,Male,Married,Better,Master,6434,Very High,9,3
342,37,Male,Divorced,Better,Bachelor,10048,Medium,17,1
343,39,Female,Single,Better,Master,10938,Very High,20,19
346,29,Male,Single,Better,Bachelor,2340,Low,6,6
347,42,Female,Single,Better,College,6545,High,10,3
349,29,Male,Divorced,Better,College,6931,Very High,10,3
350,25,Female,Married,Better,Bachelor,4898,Very High,5,4
351,42,Female,Divorced,Better,Bachelor,2593,High,10,9
352,40,Male,Divorced,Better,College,19436,Very High,22,21
353,51,Male,Married,Good,Bachelor,2723,Medium,1,1
355,31,Male,Single,Best,College,3479,Medium,6,5
359,32,Male,Married,Bad,Bachelor,2794,High,5,5
361,38,Male,Married,Better,College,5249,Very High,13,8
362,32,Male,Single,Better,Below College,2176,Very High,9,6
363,46,Female,Married,Good,Bachelor,16872,Medium,28,7
364,28,Male,Single,Bad,Master,3485,High,5,0
366,29,Male,Married,Better,Bachelor,6644,Medium,10,0
367,31,Male,Married,Better,Bachelor,5582,Medium,10,9
369,25,Male,Divorced,Better,College,4000,Very High,6,6
372,45,Male,Married,Better,College,13496,Medium,21,20
373,36,Male,Married,Better,Bachelor,3210,High,16,15
374,55,Male,Single,Better,Bachelor,19045,High,37,36
376,47,Male,Married,Good,Master,11849,Very High,10,10
377,28,Male,Married,Good,Bachelor,2070,Very High,5,5
378,37,Male,Married,Best,Master,6502,Medium,7,5
379,21,Male,Single,Best,College,3230,Low,3,3
380,37,Female,Divorced,Better,Master,13603,Low,15,5
381,35,Female,Divorced,Good,Bachelor,11996,Medium,10,7
382,38,Female,Divorced,Better,College,5605,High,8,8
384,26,Female,Divorced,Bad,Bachelor,6397,Low,6,6
385,50,Male,Divorced,Good,Below College,19144,Low,28,10
386,53,Male,Married,Good,Master,17584,Very High,21,5
387,42,Male,Married,Better,Below College,4907,High,20,20
388,29,Male,Single,Good,College,4554,Low,10,10
389,55,Male,Married,Better,College,5415,Very High,12,10
390,26,Male,Married,Better,College,4741,High,5,5
391,37,Female,Single,Better,Bachelor,2115,Medium,17,17
392,44,Male,Divorced,Bad,Bachelor,3161,Very High,19,1
393,38,Male,Divorced,Better,Master,5745,Medium,10,2
394,26,Male,Divorced,Better,Master,2373,Very High,5,3
395,28,Female,Single,Better,College,3310,Very High,5,5
396,49,Female,Single,Better,Master,18665,Very High,22,3
397,36,Male,Single,Better,Bachelor,4485,Very High,10,8
399,31,Female,Divorced,Good,Bachelor,2789,High,2,2
401,26,Male,Single,Better,Master,5828,Medium,8,8
403,37,Male,Married,Good,Bachelor,2326,High,4,4
404,42,Female,Married,Best,Bachelor,13525,Very High,23,20
405,18,Male,Single,Better,Bachelor,1420,High,0,0
406,35,Male,Married,Good,Bachelor,8020,High,12,11
407,36,Male,Married,Better,Master,3688,Very High,4,1
408,51,Male,Divorced,Better,Bachelor,5482,Very High,13,4
410,41,Male,Single,Better,Master,16015,Medium,22,22
411,18,Female,Single,Better,Bachelor,1200,Low,0,0
412,28,Male,Single,Better,College,5661,High,9,8
416,31,Male,Married,Good,Bachelor,6929,Medium,10,8
417,39,Male,Divorced,Good,Bachelor,9613,Low,19,18
419,36,Female,Married,Better,Master,5674,High,11,9
420,32,Male,Married,Good,Bachelor,5484,High,13,13
421,38,Female,Married,Better,College,12061,High,19,10
422,58,Male,Divorced,Better,Master,5660,Very High,12,5
423,31,Male,Married,Better,Master,4821,High,6,5
424,31,Male,Married,Better,Bachelor,6410,Very High,9,2
425,45,Male,Divorced,Better,Bachelor,5210,Low,24,24
426,31,Male,Divorced,Bad,Master,2695,Medium,3,2
428,33,Female,Married,Better,Master,11878,Medium,12,10
429,39,Male,Married,Better,Below College,17068,Very High,21,21
430,43,Female,Single,Better,Master,2455,Low,9,8
431,49,Female,Single,Better,College,13964,Very High,25,7
433,52,Male,Married,Good,Master,4941,Low,11,8
434,27,Female,Single,Good,Bachelor,2478,Medium,4,4
436,32,Female,Married,Better,College,5228,Very High,13,13
437,27,Male,Single,Better,Bachelor,4478,Low,5,5
438,31,Male,Divorced,Better,Bachelor,7547,Very High,13,7
439,32,Female,Single,Good,Master,5055,High,10,7
440,28,Male,Married,Good,Master,3464,Very High,5,3
441,30,Female,Married,Better,College,5775,Very High,11,10
442,31,Female,Married,Better,College,8943,Low,10,10
444,39,Male,Married,Better,College,19272,Low,21,21
445,39,Female,Married,Good,College,5238,Low,12,1
446,33,Male,Single,Good,Bachelor,4682,High,9,7
447,47,Male,Married,Better,Doctor,18300,Medium,21,3
448,43,Female,Divorced,Best,Master,5257,Medium,9,9
449,27,Male,Married,Better,Below College,6349,Very High,6,5
450,54,Female,Single,Good,Master,4869,Very High,20,4
451,43,Female,Married,Good,Bachelor,9985,Low,10,1
452,45,Male,Married,Better,Master,3697,Low,12,10
453,40,Male,Married,Good,College,7457,High,6,4
454,29,Male,Married,Good,Master,2119,Very High,7,7
455,29,Male,Single,Better,Doctor,3983,High,4,3
456,30,Female,Divorced,Better,Bachelor,6118,High,10,10
458,27,Female,Married,Better,Master,6214,Low,8,8
460,37,Male,Divorced,Good,College,6347,High,8,6
461,38,Male,Divorced,Better,College,11510,Medium,12,11
462,31,Female,Single,Good,Master,7143,High,11,11
463,29,Female,Divorced,Better,Below College,8268,Low,7,7
464,35,Male,Single,Better,Master,8095,Very High,17,16
465,23,Male,Divorced,Good,Below College,2904,High,4,4
466,41,Male,Single,Better,Bachelor,6032,Very High,8,5
467,47,Male,Single,Better,Below College,2976,Low,5,0
468,42,Female,Single,Better,Doctor,15992,Medium,16,1
469,29,Male,Married,Good,Bachelor,4649,Low,4,4
470,42,Male,Divorced,Better,Below College,2696,High,4,3
471,32,Female,Married,Better,Bachelor,2370,High,8,8
473,48,Female,Married,Bad,Below College,12504,Medium,15,0
474,37,Male,Divorced,Better,Bachelor,5974,Low,13,7
475,30,Female,Married,Best,College,4736,Medium,4,2
476,26,Male,Married,Better,Bachelor,5296,Medium,8,8
477,42,Male,Single,Better,Master,6781,Medium,14,1
478,21,Female,Single,Better,Below College,2174,High,3,3
479,36,Female,Single,Better,Doctor,6653,Medium,7,1
481,36,Male,Married,Better,Master,9699,Low,16,13
482,57,Male,Married,Better,Master,6755,High,15,3
483,40,Female,Married,Better,Master,2213,High,10,7
484,21,Male,Single,Good,College,2610,High,3,3
485,33,Female,Single,Better,Bachelor,2851,Medium,1,1
486,37,Female,Married,Better,Bachelor,3452,Medium,17,5
487,46,Female,Married,Best,Master,5258,High,7,1
488,41,Male,Single,Better,Bachelor,9355,High,8,8
491,50,Male,Single,Better,Bachelor,10496,Very High,20,4
492,40,Male,Married,Better,College,6380,Low,8,6
493,31,Male,Single,Better,Master,2657,Very High,3,2
494,21,Female,Single,Better,Bachelor,2716,Very High,1,1
495,29,Male,Single,Better,Bachelor,2201,Very High,6,3
496,35,Male,Single,Better,Master,6540,High,10,1
497,27,Male,Divorced,Better,College,3816,Medium,5,5
498,28,Male,Single,Better,Master,5253,Very High,7,7
499,49,Male,Single,Better,Bachelor,10965,High,26,5
500,51,Female,Married,Good,College,4936,High,18,7
501,36,Female,Married,Better,Bachelor,2543,Medium,6,2
502,34,Male,Single,Good,Bachelor,5304,Medium,9,5
505,55,Female,Single,Better,Bachelor,16659,High,30,5
507,24,Female,Divorced,Best,Master,4260,Very High,5,5
508,30,Male,Married,Better,Below College,2476,Low,1,1
510,26,Male,Single,Better,Below College,3102,High,7,6
511,22,Female,Married,Better,Bachelor,2244,Very High,2,2
513,36,Male,Married,Better,College,7596,Medium,10,10
514,30,Male,Single,Better,Bachelor,2285,High,3,1
515,37,Female,Divorced,Good,Bachelor,3034,High,18,18
516,40,Female,Divorced,Better,College,5715,High,8,5
517,42,Female,Divorced,Better,Master,2576,Medium,8,5
518,37,Male,Single,Good,Master,4197,Very High,18,1
520,43,Male,Divorced,Better,Bachelor,14336,High,25,25
521,40,Female,Married,Better,Bachelor,3448,Medium,20,1
522,54,Male,Married,Good,College,19406,High,24,4
523,34,Female,Married,Better,Master,6538,Low,6,3
524,31,Female,Married,Bad,College,4306,Medium,13,13
525,43,Male,Married,Better,Bachelor,2258,Low,8,3
526,43,Female,Divorced,Better,Master,4522,Very High,8,5
527,25,Female,Single,Better,College,4487,Medium,5,5
529,37,Female,Married,Better,Doctor,4449,Low,15,13
530,31,Male,Married,Better,College,2218,High,4,4
531,39,Male,Divorced,Better,Below College,19197,High,21,21
532,56,Female,Married,Good,Bachelor,13212,Very High,36,7
533,30,Female,Single,Better,Bachelor,6577,Medium,6,5
534,41,Male,Married,Better,Bachelor,8392,High,10,10
536,28,Male,Divorced,Better,College,4558,Very High,10,10
538,25,Male,Married,Better,Bachelor,4031,High,6,2
543,52,Male,Married,Better,Bachelor,7969,High,28,5
544,45,Male,Married,Good,College,2654,Very High,8,2
546,52,Female,Married,Bad,College,16555,Very High,31,5
547,42,Female,Divorced,Better,College,4556,Medium,19,5
548,30,Female,Single,Better,Bachelor,6091,High,11,5
549,60,Female,Married,Bad,Bachelor,19566,Very High,33,29
550,46,Female,Divorced,Good,Bachelor,4810,High,19,10
551,42,Female,Married,Best,Master,4523,Very High,7,6
554,24,Female,Single,Better,Below College,3202,Medium,6,5
555,34,Female,Divorced,Good,College,2351,Very High,3,2
556,38,Male,Married,Better,College,1702,High,1,1
558,40,Female,Married,Better,Master,18041,Very High,21,20
560,26,Female,Divorced,Bad,Bachelor,2886,Medium,3,3
562,30,Male,Married,Bad,Bachelor,2097,High,9,5
564,29,Male,Married,Better,Master,11935,High,10,10
565,29,Female,Married,Best,Doctor,2546,Medium,6,2
566,19,Male,Single,Best,College,2564,High,1,1
567,30,Female,Married,Better,Master,8412,High,10,9
568,57,Male,Divorced,Good,Bachelor,14118,High,32,1
569,50,Male,Married,Better,Master,17046,Medium,28,27
571,30,Female,Single,Good,Bachelor,2564,High,12,11
573,60,Female,Married,Best,Bachelor,10266,Very High,22,18
574,47,Female,Divorced,Better,College,5070,High,20,5
575,46,Male,Married,Bad,Bachelor,17861,High,26,3
577,35,Male,Single,Better,Bachelor,4230,High,6,5
578,54,Female,Single,Better,Master,3780,High,19,1
579,34,Male,Divorced,Better,Master,2768,High,14,7
580,46,Female,Married,Better,Bachelor,9071,High,15,3
581,31,Male,Divorced,Best,Below College,10648,Very High,13,13
582,33,Male,Married,Best,Below College,13610,Very High,15,7
584,33,Male,Divorced,Better,Below College,3408,Low,8,4
585,30,Male,Single,Better,Below College,2983,Low,4,3
586,35,Male,Married,Better,Bachelor,7632,High,10,8
587,31,Male,Married,Better,Bachelor,9824,Low,12,1
590,34,Female,Divorced,Better,Bachelor,9950,High,11,3
591,42,Male,Married,Better,College,2093,Very High,8,2
592,36,Male,Single,Good,Master,9980,Very High,10,10
593,22,Male,Single,Better,Below College,3894,High,4,2
595,48,Female,Married,Better,Doctor,4051,Low,14,9
597,55,Female,Single,Better,Doctor,16835,Very High,37,10
599,41,Male,Single,Better,College,6230,Very High,16,14
600,35,Male,Married,Better,Bachelor,4717,High,15,11
601,40,Female,Single,Better,Bachelor,13237,High,22,20
602,39,Female,Married,Better,Below College,3755,Low,8,8
604,31,Male,Single,Best,Below College,6582,High,10,6
605,42,Male,Married,Good,Bachelor,7406,Very High,10,10
606,45,Male,Married,Best,Bachelor,4805,Medium,9,8
608,26,Female,Divorced,Good,Master,2741,Medium,8,7
611,29,Male,Divorced,Best,Bachelor,4262,Medium,8,3
612,33,Female,Divorced,Better,Doctor,16184,High,10,6
613,31,Male,Divorced,Good,Bachelor,11557,High,10,5
614,18,Male,Single,Better,Bachelor,1878,Very High,0,0
615,40,Male,Divorced,Better,Bachelor,10932,High,20,1
616,41,Female,Single,Better,Master,6811,Low,10,8
618,26,Male,Divorced,Better,College,4306,Low,8,0
620,35,Female,Single,Better,Bachelor,4859,Very High,5,5
621,34,Male,Single,Better,Master,5337,Very High,10,10
622,26,Male,Single,Bad,Bachelor,2340,Medium,1,1
623,37,Female,Single,Best,Bachelor,7491,Very High,12,6
624,46,Female,Married,Good,Below College,10527,Very High,28,2
625,41,Female,Married,Better,Doctor,16595,Medium,22,18
626,37,Male,Divorced,Better,Master,8834,Very High,9,9
630,52,Male,Divorced,Better,College,5577,Medium,18,10
631,32,Male,Married,Better,Master,4707,Very High,6,4
632,24,Male,Married,Better,Bachelor,2400,High,3,2
634,38,Female,Married,Better,Bachelor,9824,High,18,1
635,37,Female,Married,Good,Master,6447,Medium,8,6
638,49,Male,Divorced,Better,Master,19502,High,31,31
639,24,Male,Married,Better,Bachelor,2725,Medium,6,6
641,26,Male,Married,Best,College,6272,Very High,6,5
643,24,Male,Married,Better,College,2127,Very High,1,1
644,50,Male,Married,Better,Bachelor,18200,High,32,32
645,25,Male,Married,Better,Below College,2096,High,7,7
647,24,Female,Married,Better,Bachelor,2886,Very High,6,6
648,30,Male,Married,Best,Master,2033,High,1,1
649,34,Male,Married,Better,College,3622,Very High,6,6
650,31,Male,Divorced,Bad,Master,4233,High,9,3
652,35,Male,Single,Better,College,3681,Very High,9,3
653,31,Male,Divorced,Best,Master,5460,Very High,13,7
655,27,Female,Divorced,Good,Master,2187,High,6,5
656,37,Male,Married,Good,Bachelor,9602,High,17,3
657,20,Female,Single,Best,Bachelor,2836,Very High,1,1
659,42,Female,Married,Better,Master,4089,Medium,10,10
661,43,Male,Divorced,Good,Master,16627,High,21,1
662,38,Female,Single,Good,Below College,2619,Very High,8,0
663,43,Male,Divorced,Better,Doctor,5679,Medium,10,8
664,48,Female,Married,Bad,Master,15402,Low,21,3
665,44,Female,Single,Best,Master,5985,Medium,10,2
666,34,Female,Divorced,Better,Bachelor,2579,Very High,8,8
667,27,Male,Divorced,Better,Below College,3041,Medium,5,4
669,21,Male,Single,Better,Below College,3447,High,3,3
671,44,Male,Married,Best,Master,19513,Low,26,2
675,22,Male,Married,Better,Below College,2773,Very High,3,2
677,33,Male,Divorced,Better,Master,7104,Very High,6,5
679,32,Female,Married,Good,Master,6322,Very High,6,6
680,30,Female,Divorced,Better,Bachelor,2083,High,1,1
682,53,Female,Single,Best,Below College,8381,Very High,18,14
683,34,Male,Married,Good,Doctor,2691,Very High,10,10
684,45,Female,Married,Better,Master,4286,Very High,5,1
686,26,Female,Married,Better,Bachelor,2659,High,3,3
689,37,Male,Married,Better,Bachelor,9434,High,10,10
690,29,Female,Married,Good,College,5561,Low,6,6
691,35,Male,Single,Better,Master,6646,Medium,17,17
692,33,Male,Divorced,Bad,Bachelor,7725,High,15,13
698,54,Male,Married,Best,Master,10725,High,16,9
699,36,Male,Divorced,Better,College,8847,High,13,3
700,27,Male,Single,Better,Master,2045,Very High,5,4
701,20,Male,Single,Better,Below College,1009,Very High,1,1
702,33,Male,Single,Better,Bachelor,3348,Low,10,10
704,35,Male,Married,Better,Bachelor,1281,High,1,1
705,23,Male,Married,Best,Bachelor,2819,Low,5,3
707,25,Male,Married,Better,Bachelor,4851,High,4,3
709,38,Female,Single,Better,Master,4028,Low,8,7
710,29,Male,Divorced,Better,Master,2720,Very High,10,10
712,48,Male,Married,Better,Below College,8120,Very High,12,2
714,27,Female,Divorced,Better,Below College,4647,Medium,6,6
715,37,Male,Single,Better,College,4680,Low,4,1
716,50,Male,Married,Better,Below College,3221,High,20,20
717,34,Female,Single,Best,Bachelor,8621,Medium,9,8
720,24,Female,Single,Better,College,4577,Low,4,2
721,39,Female,Single,Better,Master,4553,Low,20,20
722,32,Male,Single,Good,Bachelor,5396,Very High,10,10
723,50,Male,Married,Better,College,6796,Low,18,4
724,38,Female,Single,Good,Master,7625,High,10,9
725,27,Female,Married,Better,College,7412,Very High,9,9
727,32,Female,Single,Better,College,11159,Very High,10,7
728,47,Male,Single,Better,Master,4960,Very High,20,7
729,40,Male,Married,Better,Master,10475,High,20,18
730,53,Male,Married,Better,Bachelor,14814,High,32,5
731,41,Male,Divorced,Good,Master,19141,Medium,23,21
732,60,Male,Single,Better,Master,5405,Very High,10,2
733,27,Male,Divorced,Good,College,8793,High,9,9
734,41,Male,Married,Better,Bachelor,19189,Medium,22,22
738,50,Male,Married,Better,Master,3875,Very High,4,2
741,28,Female,Single,Better,College,2216,Very High,10,7
742,36,Female,Married,Better,Bachelor,11713,Low,10,8
743,38,Female,Single,Best,Bachelor,7861,Very High,10,1
744,44,Male,Single,Better,Bachelor,3708,High,9,5
746,47,Female,Divorced,Good,Bachelor,13770,Very High,28,22
747,30,Male,Divorced,Good,Doctor,5304,Very High,10,8
749,29,Male,Single,Better,Bachelor,2642,High,1,1
752,42,Male,Divorced,Better,Bachelor,2759,Very High,7,2
754,43,Male,Married,Better,Bachelor,6804,High,7,2
757,34,Female,Single,Better,College,6142,Very High,10,5
758,23,Male,Married,Best,Below College,2500,Very High,5,4
760,39,Female,Married,Bad,Bachelor,6389,High,12,8
762,56,Male,Married,Good,Bachelor,11103,High,30,10
763,40,Female,Single,Good,Below College,2342,Very High,5,4
764,27,Female,Single,Bad,Bachelor,6811,Low,9,7
766,29,Male,Divorced,Better,Bachelor,2297,Very High,2,2
769,53,Male,Single,Better,Bachelor,2450,Very High,19,2
771,35,Female,Divorced,Best,Master,5093,Low,16,1
772,32,Male,Married,Better,Master,5309,Very High,10,10
773,38,Male,Married,Bad,Doctor,3057,Medium,6,1
775,34,Female,Divorced,Better,Doctor,5121,High,7,0
776,52,Male,Married,Best,Master,16856,Low,34,34
780,33,Male,Single,Good,Master,2686,High,10,10
781,25,Female,Single,Good,Below College,6180,Medium,6,6
783,45,Male,Single,Better,College,6632,Low,9,8
784,23,Male,Single,Better,Below College,3505,Very High,2,2
785,47,Female,Single,Better,College,6397,Very High,8,5
786,34,Male,Single,Better,Bachelor,6274,High,6,6
787,55,Male,Married,Better,Bachelor,19859,Very High,24,5
789,36,Male,Single,Better,Master,7587,Medium,10,10
791,52,Male,Married,Better,Master,4258,Low,5,4
792,26,Female,Divorced,Better,College,4364,Low,5,2
793,29,Female,Married,Good,Bachelor,4335,Low,11,8
796,26,Male,Single,Good,Bachelor,5326,High,6,4
797,34,Female,Single,Better,Master,3280,High,10,4
799,54,Female,Divorced,Better,Master,5485,Medium,9,5
800,27,Male,Married,Better,Below College,4342,Medium,5,4
802,37,Female,Divorced,Good,Below College,2782,Medium,6,5
803,38,Female,Single,Better,Master,5980,Very High,17,15
804,34,Female,Single,Better,Master,4381,High,6,6
805,35,Female,Married,Good,Master,2572,Medium,3,3
806,30,Male,Married,Better,Bachelor,3833,High,7,2
807,40,Female,Married,Better,College,4244,Very High,8,8
808,34,Female,Married,Better,College,6500,Medium,6,3
809,42,Male,Divorced,Good,Bachelor,18430,Medium,24,24
811,23,Male,Married,Better,Bachelor,1601,High,1,0
812,24,Male,Divorced,Better,Bachelor,2694,High,1,1
813,52,Female,Married,Better,Master,3149,Medium,9,5
815,50,Male,Married,Better,Bachelor,17639,Very High,30,4
816,29,Female,Married,Better,College,2319,Very High,1,1
817,33,Male,Married,Best,Bachelor,11691,Very High,14,13
819,33,Female,Single,Better,Bachelor,5324,High,6,3
820,47,Female,Married,Good,College,16752,High,26,26
823,36,Female,Married,Better,Bachelor,5228,Low,10,9
824,29,Male,Married,Better,College,2700,High,10,10
825,58,Male,Single,Better,Master,19246,Very High,40,31
826,35,Female,Single,Better,Master,2506,High,7,2
827,42,Female,Married,Better,College,6062,Very High,8,4
828,28,Male,Single,Good,Master,4382,Very High,5,2
829,36,Male,Married,Better,Bachelor,2143,Medium,8,5
830,32,Female,Married,Better,Bachelor,6162,High,14,14
832,40,Male,Single,Better,Master,5094,Very High,10,1
833,30,Female,Single,Good,Bachelor,6877,Medium,12,0
834,45,Female,Single,Better,Bachelor,2274,Very High,1,1
836,42,Male,Married,Good,Bachelor,4434,Very High,10,9
837,38,Male,Divorced,Good,Bachelor,6288,High,13,4
838,34,Female,Single,Better,Master,2553,High,6,5
840,49,Female,Married,Best,Bachelor,7654,Low,9,9
842,55,Male,Single,Good,Below College,5160,High,12,9
843,43,Male,Married,Better,College,17159,High,22,4
844,27,Male,Divorced,Better,Below College,12808,Medium,9,9
845,35,Male,Single,Best,Bachelor,10221,Medium,17,8
846,28,Female,Married,Better,Master,4779,Low,8,8
847,34,Male,Married,Bad,College,3737,High,4,3
848,26,Female,Married,Better,College,2366,Low,8,8
850,27,Male,Married,Good,Bachelor,1706,High,0,0
851,51,Female,Married,Good,Master,16307,High,29,20
852,44,Male,Single,Good,Bachelor,5933,Very High,10,5
854,25,Male,Single,Good,Below College,3424,High,6,4
855,33,Male,Divorced,Better,Bachelor,4037,Low,9,9
856,35,Female,Single,Good,Below College,2559,Very High,6,6
857,36,Male,Married,Good,College,6201,Very High,18,18
859,32,Male,Divorced,Good,Master,4403,High,8,5
861,30,Male,Divorced,Good,Master,3761,Medium,10,5
862,53,Female,Married,Better,College,10934,Very High,35,5
864,45,Male,Divorced,Better,Bachelor,10761,High,18,5
865,32,Female,Married,Good,College,5175,High,9,5
867,52,Female,Married,Better,Master,13826,High,31,9
868,37,Male,Divorced,Better,Master,6334,Very High,9,1
869,28,Male,Divorced,Better,College,4936,Very High,6,5
872,22,Male,Married,Bad,College,4775,Low,4,2
874,44,Male,Married,Good,Master,2818,High,10,3
875,42,Male,Single,Better,Below College,2515,Very High,8,2
878,36,Male,Married,Better,Bachelor,2342,High,6,5
879,25,Male,Married,Better,Below College,4194,Very High,5,5
880,35,Female,Married,Better,Bachelor,10685,Medium,17,17
881,35,Female,Divorced,Good,Master,2022,Low,10,10
882,32,Male,Divorced,Better,Bachelor,2314,Medium,4,3
885,25,Male,Married,Best,Below College,4256,Low,5,5
887,49,Female,Married,Better,Bachelor,3580,Medium,7,4
888,24,Male,Married,Good,Below College,3162,Very High,6,5
889,32,Male,Married,Better,College,6524,Very High,10,10
893,38,Male,Married,Better,Bachelor,2899,Very High,3,2
894,42,Female,Married,Good,Bachelor,5231,Medium,17,5
895,31,Male,Married,Better,Master,2356,Medium,8,6
896,29,Female,Divorced,Better,Bachelor,2800,High,5,3
897,53,Male,Married,Better,Bachelor,11836,High,28,2
899,35,Male,Married,Better,Bachelor,10903,Low,16,13
900,37,Female,Married,Better,College,2973,Medium,10,5
901,53,Female,Single,Better,Master,14275,High,33,12
902,43,Female,Married,Good,Bachelor,5562,Medium,12,5
903,47,Female,Married,Better,College,4537,Low,8,7
904,37,Male,Single,Better,College,7642,Very High,10,10
905,50,Male,Divorced,Better,Master,17924,Very High,31,31
909,39,Female,Married,Better,Bachelor,5204,High,13,5
910,33,Male,Divorced,Best,College,2277,High,7,4
911,32,Male,Single,Bad,Master,2795,High,1,1
912,29,Female,Divorced,Better,Below College,2532,High,8,4
913,44,Male,Married,Better,College,2559,Very High,8,8
916,28,Male,Single,Better,Master,4908,Medium,4,4
918,58,Male,Divorced,Good,Below College,2380,Very High,3,1
920,43,Female,Divorced,Best,Bachelor,4765,High,4,1
922,20,Female,Single,Good,Bachelor,2044,Very High,2,2
923,21,Female,Single,Good,Below College,2693,Low,1,1
924,36,Male,Married,Good,Below College,6586,Low,17,16
925,47,Female,Single,Good,Master,3294,Low,3,3
926,22,Female,Married,Best,Below College,4171,Low,4,3
927,41,Female,Divorced,Good,Master,2778,High,10,7
930,28,Female,Divorced,Better,Bachelor,2377,Medium,6,2
932,39,Male,Married,Bad,Bachelor,2404,Very High,8,2
933,27,Female,Single,Better,Bachelor,2318,High,1,1
934,34,Male,Divorced,Better,Bachelor,2008,Medium,1,1
936,42,Female,Single,Better,College,6244,Low,10,5
939,33,Male,Single,Better,Master,2799,Medium,6,3
940,58,Female,Divorced,Better,Bachelor,10552,Very High,24,6
941,31,Male,Married,Best,Master,2329,Medium,13,7
942,35,Female,Married,Bad,Below College,4014,Very High,10,10
944,49,Female,Married,Good,College,7403,High,29,26
945,48,Male,Married,Good,Master,2259,Low,13,0
947,31,Female,Married,Good,College,6932,Very High,9,9
949,36,Male,Single,Better,Master,4678,High,8,6
950,38,Female,Married,Better,Bachelor,13582,Medium,15,15
951,32,Female,Married,Better,Bachelor,2332,High,5,3
952,25,Male,Married,Better,College,2413,High,1,1
954,40,Male,Divorced,Good,Master,9705,Medium,11,1
956,26,Male,Single,Better,Bachelor,4294,Medium,7,7
957,41,Male,Single,Better,Bachelor,4721,High,20,18
958,36,Male,Single,Better,Master,2519,High,16,11
959,19,Male,Single,Best,Bachelor,2121,Medium,1,1
960,20,Male,Single,Better,Bachelor,2973,Medium,1,1
961,31,Female,Married,Bad,Bachelor,5855,High,10,9
964,40,Male,Divorced,Better,Master,3617,Very High,3,1
966,32,Female,Married,Best,Master,6725,High,8,8
967,36,Male,Married,Better,Below College,10325,Low,16,16
969,33,Female,Single,Better,Bachelor,6949,Low,6,5
970,37,Male,Married,Bad,Master,10609,High,17,14
972,45,Male,Married,Good,College,4447,Medium,9,9
974,29,Female,Married,Better,Bachelor,2157,Medium,3,3
975,35,Female,Married,Better,Bachelor,4601,Medium,5,5
976,52,Male,Married,Good,College,17099,Medium,26,9
977,58,Male,Single,Better,Bachelor,2479,Low,7,1
981,53,Male,Divorced,Best,College,14852,High,22,17
982,30,Male,Divorced,Best,College,7264,Low,10,8
983,38,Female,Single,Better,Bachelor,5666,Medium,6,5
984,35,Male,Divorced,Better,Master,7823,Medium,12,10
985,39,Male,Single,Better,Doctor,7880,Very High,9,8
986,40,Female,Single,Good,Bachelor,13194,Very High,22,1
987,47,Male,Divorced,Best,Master,5067,High,20,19
990,36,Male,Divorced,Better,Master,5079,Very High,12,7
991,31,Male,Single,Better,College,2321,Low,4,3
992,33,Male,Single,Better,Bachelor,17444,Very High,10,10
994,29,Female,Single,Better,Bachelor,2404,High,3,0
995,33,Female,Single,Better,Below College,3452,Low,5,3
996,45,Female,Divorced,Better,Master,2270,Very High,8,5
997,50,Male,Divorced,Good,College,17399,High,32,5
998,33,Female,Married,Better,Master,5488,Low,6,6
999,41,Male,Divorced,Best,Bachelor,19419,Medium,21,18
1001,27,Female,Married,Better,Master,2811,Medium,4,2
1002,45,Male,Married,Better,College,3633,High,9,9
1003,47,Female,Single,Better,College,4163,High,9,9
1004,30,Female,Married,Better,Bachelor,2132,Medium,7,5
1005,50,Male,Married,Better,Bachelor,13973,Very High,22,12
1006,38,Male,Married,Good,Below College,2684,Medium,3,2
1007,46,Male,Divorced,Better,College,10845,Medium,13,8
1009,24,Female,Divorced,Better,Below College,4377,Medium,5,4
1010,35,Male,Divorced,Bad,Master,3743,Very High,5,4
1011,31,Female,Married,Better,Below College,4148,High,4,4
1012,18,Male,Single,Better,College,1051,Very High,0,0
1013,54,Female,Married,Better,Bachelor,10739,High,22,10
1014,35,Female,Divorced,Good,Master,10388,High,16,16
1015,30,Female,Married,Good,College,11416,High,9,8
1016,20,Female,Single,Better,Bachelor,2600,Low,1,1
1017,30,Female,Single,Better,Bachelor,2422,Low,4,3
1018,26,Male,Married,Better,College,5472,Medium,8,8
1019,22,Male,Married,Good,Below College,2451,Low,4,4
1022,48,Male,Single,Better,Bachelor,4240,Very High,19,2
1024,48,Male,Single,Better,Master,10999,Medium,27,15
1025,41,Female,Single,Better,College,5003,Medium,8,2
1026,39,Female,Married,Better,Below College,12742,High,21,21
1027,27,Female,Married,Better,Master,4227,Medium,4,3
1028,35,Male,Divorced,Good,Bachelor,3917,Low,3,3
1029,42,Male,Married,Best,College,18303,Medium,21,1
1030,50,Male,Married,Better,Bachelor,2380,Medium,8,1
1032,59,Female,Single,Better,Bachelor,13726,Low,30,5
1033,37,Female,Married,Bad,College,4777,Low,15,1
1034,55,Male,Married,Better,Master,6385,Very High,17,8
1035,41,Female,Divorced,Better,Below College,19973,Medium,21,21
1036,38,Male,Single,Better,Master,6861,High,19,1
1037,26,Male,Single,Better,College,4969,Very High,7,2
1038,52,Female,Married,Better,Below College,19845,Very High,33,32
1039,44,Female,Married,Better,Bachelor,13320,High,23,12
1040,50,Female,Married,Better,Bachelor,6347,Low,19,18
1042,36,Female,Single,Better,Master,2743,High,18,17
1043,39,Female,Single,Better,Bachelor,10880,High,21,21
1044,33,Female,Single,Good,Below College,2342,Very High,3,2
1045,45,Female,Married,Best,College,17650,Medium,26,9
1046,32,Female,Single,Better,Master,4025,Medium,10,8
1047,34,Male,Divorced,Good,Master,9725,Very High,16,15
1048,59,Male,Married,Bad,College,11904,High,14,6
1049,45,Male,Single,Better,Master,2177,Low,6,6
1050,53,Female,Married,Better,Bachelor,7525,Low,30,15
1052,36,Male,Divorced,Good,Bachelor,4834,Medium,9,1
1053,26,Male,Married,Better,Bachelor,2042,Medium,6,3
1055,34,Female,Married,Better,Master,2220,Very High,1,1
1056,28,Male,Married,Better,Below College,1052,Medium,1,1
1060,38,Male,Married,Better,Master,2821,Low,8,2
1061,50,Male,Married,Good,Master,19237,Very High,29,8
1062,37,Female,Single,Good,Bachelor,4107,Low,8,4
1066,40,Male,Married,Good,Bachelor,8396,Medium,8,7
1068,26,Female,Divorced,Better,Below College,2007,High,5,5
1069,46,Male,Divorced,Better,Master,19627,Very High,23,2
1070,54,Female,Married,Better,Master,10686,Medium,13,9
1071,56,Female,Married,Better,Bachelor,2942,Medium,18,5
1073,36,Female,Single,Good,Doctor,8858,Medium,15,14
1074,55,Male,Single,Best,Below College,16756,Medium,31,9
1076,43,Male,Divorced,Better,Bachelor,10798,High,18,1
1077,20,Female,Single,Better,Bachelor,2323,Medium,2,2
1079,21,Female,Single,Good,Bachelor,1416,Low,1,1
1080,46,Female,Divorced,Better,Master,4615,Low,19,16
1081,51,Male,Married,Best,Master,2461,High,18,10
1082,28,Male,Single,Good,College,8722,Low,10,10
1083,26,Male,Married,Better,College,3955,Low,6,5
1084,30,Male,Married,Good,Bachelor,9957,High,7,6
1085,41,Female,Married,Better,College,3376,High,10,10
1088,38,Female,Married,Good,Below College,8823,Low,20,19
1092,40,Male,Married,Better,Master,10322,Very High,14,11
1094,27,Male,Married,Better,Doctor,4621,Very High,3,3
1096,55,Male,Married,Better,Below College,10976,Medium,23,3
1097,28,Female,Single,Best,Bachelor,3660,Very High,10,8
1098,44,Male,Married,Better,College,10482,Very High,24,20
1099,33,Male,Divorced,Better,Bachelor,7119,High,9,3
1100,35,Male,Single,Better,Bachelor,9582,Low,9,8
1101,33,Female,Single,Better,Master,4508,Medium,14,13
1102,28,Male,Divorced,Good,College,2207,Very High,4,4
1103,34,Male,Single,Good,Below College,7756,High,7,6
1105,37,Female,Divorced,Better,Master,6694,High,8,1
1106,25,Male,Married,Best,Below College,3691,Medium,7,7
1107,26,Male,Divorced,Good,Bachelor,2377,High,1,1
1108,33,Male,Single,Better,Bachelor,2313,Medium,5,2
1109,42,Male,Married,Better,College,17665,Very High,23,22
1111,28,Male,Divorced,Better,Bachelor,2596,Low,1,1
1113,50,Male,Single,Better,Master,4728,Very High,5,0
1114,33,Female,Married,Better,Bachelor,4302,High,4,3
1115,34,Male,Married,Better,Master,2979,Very High,6,0
1116,48,Male,Single,Good,Master,16885,High,27,5
1117,45,Female,Married,Better,Master,5593,Very High,15,15
1118,52,Male,Single,Better,Master,10445,Very High,18,8
1119,38,Male,Divorced,Better,Master,8740,Medium,9,8
1120,29,Female,Divorced,Better,Master,2514,Low,11,7
1121,28,Female,Divorced,Good,Bachelor,7655,Medium,10,9
1124,46,Male,Married,Better,Below College,17465,Very High,23,12
1125,38,Male,Single,Better,College,7351,High,10,1
1126,43,Female,Married,Better,Bachelor,10820,High,18,8
1127,39,Male,Divorced,Better,Bachelor,12169,Very High,21,18
1128,40,Male,Single,Best,Bachelor,19626,Low,21,20
1131,21,Female,Single,Best,Below College,2070,High,2,2
1132,39,Male,Single,Good,Bachelor,6782,High,9,5
1133,36,Male,Single,Better,Master,7779,Low,18,11
1135,31,Male,Married,Better,Bachelor,2791,Low,3,2
1136,28,Male,Married,Bad,Below College,3201,Low,6,5
1137,35,Male,Divorced,Better,College,4968,Very High,5,5
1138,49,Male,Married,Better,Master,13120,Medium,22,9
1140,34,Male,Single,Good,College,4033,Very High,5,3
1143,29,Female,Divorced,Good,Bachelor,3291,Very High,8,7
1148,42,Male,Single,Better,Bachelor,4272,Low,16,1
1150,29,Male,Married,Good,Below College,5056,High,10,10
1152,38,Male,Married,Best,Bachelor,2844,Very High,7,7
1154,28,Male,Divorced,Better,Bachelor,2703,Very High,3,3
1156,18,Male,Single,Better,Below College,1904,Very High,0,0
1157,33,Female,Single,Better,Master,8224,Low,6,5
1158,41,Male,Married,Better,Master,4766,Low,6,1
1160,31,Male,Married,Good,Bachelor,2610,High,2,2
1161,37,Female,Divorced,Better,College,5731,High,9,6
1162,27,Male,Married,Better,Bachelor,2539,High,4,4
1163,34,Female,Married,Good,Below College,5714,Low,6,6
1164,35,Male,Single,Bad,Master,4323,Medium,6,5
1165,29,Female,Married,Bad,Below College,7336,Low,11,11
1166,40,Female,Single,Good,Master,13499,High,20,18
1167,42,Male,Single,Good,Bachelor,13758,Medium,22,21
1171,42,Male,Single,Best,Master,5155,Very High,9,6
1172,35,Male,Married,Better,Master,2258,Medium,10,8
1173,24,Male,Single,Better,Bachelor,3597,Very High,6,4
1175,28,Female,Married,Good,Below College,2515,Very High,1,1
1177,26,Male,Married,Better,Master,4420,Medium,8,8
1179,30,Male,Married,Better,Bachelor,6578,Low,10,10
1180,40,Female,Married,Bad,College,4422,Very High,16,1
1182,35,Male,Divorced,Best,Bachelor,10274,Medium,15,7
1184,34,Male,Single,Better,Bachelor,5343,High,14,13
1185,35,Male,Married,Best,Master,2376,Medium,2,2
1188,43,Female,Single,Good,Bachelor,5346,Medium,7,4
1190,32,Female,Divorced,Better,Below College,2827,High,1,1
1191,56,Female,Divorced,Better,Master,19943,Very High,28,5
1192,29,Female,Married,Better,Below College,3131,Low,10,10
1193,19,Male,Single,Better,College,2552,High,1,1
1195,45,Female,Married,Good,Bachelor,4477,High,7,3
1196,37,Female,Married,Good,Bachelor,6474,Medium,14,14
1198,20,Male,Single,Good,Bachelor,3033,Low,2,2
1200,44,Male,Single,Better,Master,2936,High,6,6
1201,53,Female,Divorced,Better,College,18606,Medium,26,7
1202,29,Female,Married,Good,Below College,2168,Low,6,5
1203,22,Male,Married,Better,Master,2853,Medium,1,0
1204,46,Female,Married,Better,Bachelor,17048,Low,28,26
1206,44,Male,Single,Better,Bachelor,2290,Very High,6,0
1207,33,Male,Married,Better,Bachelor,3600,Very High,5,5
1210,41,Male,Divorced,Bad,College,2107,Low,5,1
1211,30,Male,Divorced,Better,Master,4115,High,8,4
1212,40,Male,Married,Better,Master,4327,Very High,5,0
1215,50,Female,Married,Better,Bachelor,17856,High,32,2
1216,28,Male,Married,Better,Master,3196,High,6,6
1217,46,Male,Married,Better,College,19081,Low,25,4
1218,35,Male,Married,Better,Master,8966,Very High,15,7
1219,24,Female,Married,Bad,College,2210,Low,1,1
1220,33,Female,Married,Good,Bachelor,4539,Low,10,10
1221,36,Male,Divorced,Better,Master,2741,High,7,7
1224,30,Male,Divorced,Good,Master,3491,Low,10,10
1225,44,Male,Single,Better,Master,4541,Medium,20,20
1226,20,Male,Single,Better,Bachelor,2678,Very High,2,2
1228,46,Male,Divorced,Good,Master,7379,High,12,6
1231,42,Male,Married,Best,Doctor,6272,Low,10,4
1233,60,Male,Divorced,Better,Master,5220,Medium,12,11
1234,32,Female,Married,Better,Bachelor,2743,High,2,2
1235,32,Female,Single,Better,College,4998,Very High,10,8
1237,36,Female,Divorced,Better,Bachelor,10252,High,17,7
1238,33,Male,Married,Better,Bachelor,2781,Medium,15,14
1239,40,Female,Divorced,Best,Bachelor,6852,Medium,7,5
1240,25,Male,Single,Better,Master,4950,Medium,5,4
1241,30,Male,Married,Better,Bachelor,3579,Low,12,11
1242,42,Female,Married,Better,Doctor,13191,High,20,1
1243,35,Female,Married,Good,College,10377,Medium,16,13
1244,27,Male,Married,Good,Bachelor,2235,Very High,9,9
1245,54,Female,Divorced,Bad,Master,10502,Low,33,5
1246,44,Female,Married,Better,Below College,2011,Very High,10,10
1248,19,Female,Single,Best,Bachelor,1859,Medium,1,1
1249,29,Female,Divorced,Better,Bachelor,3760,Low,3,3
1250,54,Male,Married,Better,Bachelor,17779,Low,36,10
1251,31,Male,Married,Good,College,6833,Very High,6,6
1252,31,Female,Single,Better,Bachelor,6812,Medium,10,10
1254,59,Female,Single,Better,Bachelor,5171,Very High,13,6
1255,43,Male,Married,Better,Bachelor,19740,Medium,25,8
1256,49,Male,Married,Best,College,18711,High,23,1
1257,36,Male,Married,Good,Bachelor,3692,High,12,11
1258,48,Male,Single,Good,College,2559,High,7,1
1259,27,Male,Divorced,Better,College,2517,Medium,5,5
1260,29,Male,Divorced,Better,Bachelor,6623,Medium,6,6
1263,48,Male,Single,Best,Bachelor,18265,High,25,1
1264,29,Female,Divorced,Good,Bachelor,16124,Medium,9,7
1265,34,Female,Married,Good,Bachelor,2585,Very High,2,1
1267,44,Male,Married,Better,Bachelor,18213,High,26,22
1268,33,Male,Divorced,Better,Doctor,8380,Very High,10,9
1269,19,Female,Single,Better,Bachelor,2994,Very High,1,1
1270,23,Male,Married,Better,College,1223,Very High,1,1
1273,25,Male,Single,Better,Below College,1118,Very High,1,1
1275,26,Male,Single,Good,College,2875,Medium,8,8
1277,45,Female,Single,Better,Bachelor,18824,Low,26,24
1278,55,Male,Divorced,Better,Below College,13577,Very High,34,33
1279,21,Female,Single,Bad,College,2625,High,2,2
1280,46,Female,Married,Better,College,18789,High,26,11
1281,34,Female,Single,Better,Bachelor,4538,Very High,4,3
1282,51,Male,Divorced,Good,Bachelor,19847,Low,31,29
1283,59,Male,Single,Good,Master,10512,Very High,25,9
1285,34,Female,Divorced,Best,Bachelor,4444,High,15,11
1286,28,Male,Single,Good,Master,2154,High,5,4
1288,44,Male,Divorced,Good,College,19190,Very High,26,25
1289,34,Male,Married,Best,Bachelor,4490,Very High,14,10
1291,35,Male,Married,Better,Below College,3506,Very High,4,3
1292,42,Female,Married,Better,Master,2372,Very High,18,1
1293,43,Female,Single,Best,Master,10231,Very High,23,21
1294,36,Female,Single,Better,Master,5410,Very High,18,16
1295,44,Female,Married,Better,Bachelor,7978,Very High,10,10
1296,28,Male,Married,Better,Bachelor,3867,Medium,2,2
1297,51,Female,Single,Good,College,2838,Medium,8,7
1298,30,Female,Single,Better,College,4695,High,10,8
1299,29,Female,Divorced,Better,Bachelor,3339,Low,10,7
1301,28,Male,Single,Good,Bachelor,2080,Medium,5,3
1303,25,Female,Single,Good,Bachelor,2096,Very High,2,2
1304,32,Male,Married,Best,Bachelor,6209,High,10,10
1306,45,Female,Single,Better,Bachelor,18061,High,22,0
1307,39,Female,Divorced,Better,Master,17123,Very High,21,19
1308,58,Male,Divorced,Better,Master,2372,Very High,2,2
1309,32,Male,Married,Better,College,4883,Low,10,10
1310,39,Male,Single,Better,Bachelor,3904,Low,6,5
1311,30,Female,Married,Better,Bachelor,4627,Low,10,9
1312,36,Female,Married,Better,Master,7094,Low,10,7
1314,46,Female,Single,Best,College,3423,High,10,7
1315,28,Female,Married,Better,Bachelor,6674,Low,10,9
1317,50,Female,Married,Better,Bachelor,16880,Medium,25,3
1318,40,Male,Single,Better,Master,9094,High,9,5
1319,52,Male,Single,Good,Bachelor,8446,High,10,8
1321,30,Female,Married,Better,Master,11916,Very High,9,9
1322,39,Male,Single,Better,College,4534,Low,9,8
1324,31,Female,Divorced,Good,Master,9852,Low,10,10
1329,41,Male,Single,Better,College,6151,Low,19,19
1331,31,Female,Single,Best,Bachelor,2302,Low,3,3
1333,44,Male,Married,Best,Bachelor,2362,High,10,3
1334,42,Male,Married,Good,Below College,17861,Very High,21,20
1336,55,Female,Married,Better,College,19187,Very High,23,19
1338,56,Male,Single,Better,Master,19717,Low,36,7
1340,40,Male,Divorced,Better,College,3544,Medium,6,4
1344,34,Male,Divorced,Good,Bachelor,8500,Very High,10,9
1346,40,Male,Single,Better,Bachelor,4661,High,9,9
1349,41,Female,Divorced,Better,Bachelor,4103,Very High,10,9
1350,35,Male,Single,Better,Master,4249,Medium,9,9
1352,51,Male,Divorced,Better,Bachelor,14026,Medium,33,33
1355,38,Female,Divorced,Better,College,6893,Very High,11,7
1356,34,Female,Single,Best,College,6125,Very High,10,10
1358,25,Male,Married,Good,Below College,3669,High,7,3
1360,58,Female,Married,Good,Master,10008,Very High,31,10
1361,40,Male,Married,Better,Master,2387,High,7,4
1362,36,Female,Married,Good,Bachelor,4639,Very High,17,15
1363,48,Male,Single,Better,Bachelor,7898,High,11,10
1364,27,Female,Married,Better,Bachelor,2534,Medium,5,1
1367,51,Female,Single,Good,College,13142,Medium,29,5
1368,18,Female,Single,Best,Bachelor,1611,High,0,0
1369,35,Female,Married,Better,Bachelor,5363,Medium,10,9
1371,27,Male,Single,Better,Below College,5071,Medium,8,6
1372,55,Male,Single,Good,Master,13695,High,24,19
1373,56,Male,Married,Better,Bachelor,13402,Low,33,19
1374,34,Female,Divorced,Better,Below College,2029,High,5,5
1375,40,Female,Divorced,Better,Below College,6377,Medium,15,12
1377,34,Male,Married,Better,Bachelor,5429,Low,10,8
1379,31,Female,Single,Best,Bachelor,2785,High,3,1
1380,35,Female,Married,Good,Master,4614,High,5,4
1382,38,Male,Divorced,Better,Bachelor,2610,Very High,4,4
1383,34,Female,Single,Best,Master,6687,Very High,14,14
1387,28,Male,Married,Better,Bachelor,4724,High,5,5
1389,31,Male,Married,Good,Master,6179,Very High,10,10
1390,39,Male,Married,Best,Master,6120,Very High,8,5
1391,51,Male,Married,Better,Bachelor,10596,Medium,14,4
1392,41,Female,Divorced,Good,Bachelor,5467,Low,12,6
1394,37,Male,Married,Better,Below College,2996,Very High,8,6
1395,33,Male,Married,Best,Below College,9998,Low,8,5
1396,32,Male,Married,Good,Below College,4078,Low,4,3
1397,39,Male,Married,Better,College,10920,Medium,13,6
1399,25,Male,Married,Good,Below College,6232,Medium,6,3
1401,52,Female,Married,Good,College,13247,Medium,24,5
1402,43,Female,Single,Bad,Bachelor,4081,Low,20,20
1403,27,Female,Married,Better,Bachelor,5769,Very High,6,6
1405,27,Female,Single,Better,Master,2394,Very High,8,8
1407,26,Male,Single,Better,Below College,3904,Very High,5,4
1408,42,Female,Married,Better,Bachelor,16799,High,21,20
1409,52,Female,Married,Bad,Master,2950,High,12,5
1411,37,Female,Single,Better,Bachelor,3629,Low,8,3
1412,35,Male,Single,Better,College,9362,High,10,2
1415,25,Male,Married,Good,Bachelor,3229,Medium,7,3
1417,26,Male,Single,Better,Bachelor,3578,Very High,8,7
1419,29,Male,Single,Good,Bachelor,7988,Low,10,10
1420,49,Male,Single,Better,College,4284,Low,20,4
1421,29,Female,Single,Better,Below College,7553,Low,9,8
1422,54,Female,Single,Good,Bachelor,17328,Very High,29,20
1423,58,Female,Married,Better,Bachelor,19701,High,32,9
1424,55,Male,Divorced,Best,Master,14732,Very High,31,7
1425,36,Female,Single,Better,Master,9278,Very High,15,5
1427,31,Female,Single,Better,Master,1359,Medium,1,1
1428,30,Female,Divorced,Better,Master,4779,Medium,8,3
1430,31,Female,Single,Best,Doctor,16422,High,9,3
1431,34,Male,Divorced,Better,Master,2996,High,10,4
1433,31,Female,Single,Best,Bachelor,1261,High,1,1
1434,27,Male,Married,Best,Below College,2099,Medium,6,5
1435,36,Male,Single,Good,Master,5810,High,10,10
1436,36,Female,Married,Good,Master,5647,Low,11,3
1438,47,Male,Married,Good,Bachelor,3420,High,17,6
1439,25,Male,Married,Better,College,4400,Low,6,3
1440,37,Male,Single,Bad,College,3500,Low,7,6
1441,56,Female,Married,Best,College,2066,Very High,5,3
1443,47,Female,Married,Best,Master,17169,Medium,26,20
1445,24,Female,Married,Better,Below College,4162,High,5,5
1446,32,Male,Married,Good,Doctor,9204,High,7,4
1447,34,Female,Married,Good,Bachelor,3294,Low,7,5
1448,41,Male,Married,Good,Doctor,2127,Low,7,4
1449,40,Male,Divorced,Best,Master,3975,High,11,8
1453,31,Male,Divorced,Better,College,10793,Low,13,13
1457,46,Male,Divorced,Best,Bachelor,10096,Low,28,7
1458,39,Female,Single,Best,Bachelor,3646,Medium,11,1
1459,31,Female,Single,Better,Doctor,7446,Low,10,10
1460,45,Male,Divorced,Better,Bachelor,10851,Medium,24,7
1461,31,Female,Single,Better,College,2109,Very High,8,3
1464,31,Male,Married,Bad,Bachelor,3722,High,7,2
1465,45,Male,Married,Best,Bachelor,9380,Very High,10,3
1466,48,Male,Divorced,Better,Bachelor,5486,Low,15,2
1467,34,Female,Married,Better,Master,2742,Very High,2,2
1468,40,Male,Divorced,Better,Below College,13757,High,16,9
1469,28,Male,Single,Better,Bachelor,8463,Very High,6,5
1471,44,Male,Single,Better,Bachelor,3162,Very High,7,5
1472,53,Male,Single,Good,Bachelor,16598,Medium,35,9
1473,49,Male,Married,Good,Master,6651,Medium,20,3
1474,40,Male,Divorced,Best,Bachelor,2345,High,8,3
1475,44,Male,Single,Good,Bachelor,3420,High,6,5
1477,33,Male,Married,Better,Bachelor,4373,Low,5,4
1478,34,Male,Single,Better,Bachelor,4759,Very High,15,13
1479,30,Male,Married,Good,Below College,5301,High,4,2
1480,42,Female,Single,Better,College,3673,High,12,12
1481,44,Female,Married,Good,Doctor,4768,High,11,1
1482,30,Male,Divorced,Good,Bachelor,1274,Medium,1,1
1483,57,Male,Married,Good,College,4900,Low,13,12
1484,49,Male,Divorced,Better,Master,10466,Medium,29,8
1485,34,Male,Divorced,Good,Bachelor,17007,Very High,16,14
1486,28,Male,Married,Best,Bachelor,2909,Very High,5,3
1487,29,Female,Single,Bad,Bachelor,5765,Low,7,5
1489,34,Female,Single,Best,Master,4599,High,16,15
1492,35,Male,Married,Better,Below College,2404,Low,1,1
1494,24,Male,Single,Good,Bachelor,3172,High,4,0
1495,24,Female,Married,Better,College,2033,High,1,1
1496,44,Male,Single,Good,Below College,10209,Medium,16,2
1497,29,Male,Divorced,Better,Bachelor,8620,High,10,10
1499,30,Male,Divorced,Best,Bachelor,2064,Low,6,5
1501,55,Male,Married,Better,Master,4035,Medium,4,3
1502,33,Female,Married,Better,Master,3838,Very High,8,5
1503,47,Female,Married,Good,Bachelor,4591,High,11,5
1504,28,Male,Single,Good,College,2561,High,8,0
1506,28,Male,Divorced,Bad,Bachelor,1563,Very High,1,1
1507,28,Male,Single,Better,Bachelor,4898,Very High,5,4
1509,49,Female,Married,Better,College,4789,Low,10,3
1513,29,Female,Married,Better,Below College,3180,High,4,3
1514,28,Male,Married,Good,Below College,6549,Medium,8,8
1515,33,Male,Single,Better,Doctor,6388,Low,14,0
1516,32,Male,Single,Best,Bachelor,11244,Medium,10,5
1520,54,Female,Divorced,Better,Master,16032,Low,26,14
1522,29,Male,Single,Bad,Master,2362,High,11,9
1523,44,Male,Married,Best,Bachelor,16328,High,24,20
1525,39,Female,Single,Better,Bachelor,8376,Very High,9,2
1527,46,Female,Married,Best,Bachelor,16606,Very High,23,13
1529,35,Female,Single,Bad,Bachelor,8606,Very High,11,11
1533,23,Male,Single,Better,Below College,2272,Medium,5,4
1534,40,Male,Single,Bad,Master,2018,Medium,15,5
1535,34,Male,Married,Better,Bachelor,7083,Very High,10,10
1537,31,Female,Single,Bad,Bachelor,4084,Low,7,7
1539,50,Male,Single,Better,Doctor,14411,Very High,32,32
1541,34,Male,Married,Better,College,2308,Medium,12,11
1542,42,Male,Married,Better,Bachelor,4841,Medium,4,1
1543,37,Male,Married,Better,Bachelor,4285,Low,10,10
1544,29,Female,Married,Better,Below College,9715,High,9,7
1545,33,Male,Single,Better,Bachelor,4320,Very High,5,5
1546,45,Male,Married,Better,Bachelor,2132,Very High,8,5
1547,42,Male,Married,Bad,Bachelor,10124,High,24,20
1548,40,Male,Married,Best,College,5473,Very High,9,8
1549,33,Male,Married,Better,Master,5207,Medium,15,15
1550,40,Male,Single,Better,College,16437,Very High,21,21
1551,24,Male,Divorced,Better,College,2296,Medium,2,1
1552,40,Male,Divorced,Better,College,4069,High,8,2
1553,45,Male,Divorced,Better,Master,7441,Low,10,10
1554,35,Female,Married,Better,Master,2430,Low,6,5
1555,32,Female,Married,Better,College,5878,Low,12,7
1556,36,Male,Single,Good,Master,2644,Very High,7,3
1557,48,Female,Divorced,Better,Master,6439,High,18,8
1558,29,Male,Married,Good,Bachelor,2451,Low,5,1
1560,33,Male,Married,Bad,Master,6392,Very High,8,2
1562,30,Male,Married,Better,Bachelor,9714,Very High,10,10
1563,38,Male,Married,Better,Master,6077,High,10,6
1564,35,Male,Single,Better,Bachelor,2450,Medium,3,3
1568,30,Male,Married,Better,Master,9250,Medium,9,4
1569,35,Female,Divorced,Better,Bachelor,2074,Very High,1,1
1572,53,Female,Married,Better,Doctor,10169,Medium,34,33
1573,38,Male,Married,Better,Bachelor,4855,Low,7,5
1574,32,Male,Married,Good,Master,4087,Medium,9,6
1576,48,Female,Married,Good,Master,2367,Very High,10,8
1577,34,Male,Single,Bad,Master,2972,High,1,1
1578,55,Male,Married,Better,Doctor,19586,High,36,36
1580,34,Male,Married,Good,Master,5484,Medium,9,2
1581,26,Female,Married,Better,Bachelor,2061,Low,1,1
1582,38,Male,Married,Better,Bachelor,9924,Very High,10,9
1583,38,Female,Single,Best,Bachelor,4198,Medium,8,3
1585,36,Female,Single,Better,Master,6815,Low,15,1
1586,29,Male,Single,Better,Below College,4723,Very High,10,10
1587,35,Female,Single,Better,Master,6142,High,10,5
1588,39,Male,Married,Better,Bachelor,8237,Low,11,7
1590,29,Male,Divorced,Best,Below College,8853,Very High,6,6
1591,50,Male,Married,Better,Bachelor,19331,High,27,1
1592,23,Male,Married,Better,Bachelor,2073,Very High,4,2
1594,36,Male,Married,Better,Master,5562,Very High,9,3
1595,42,Male,Single,Better,College,19613,Very High,24,1
1596,35,Male,Married,Good,Bachelor,3407,Very High,10,10
1597,34,Male,Married,Good,Master,5063,Medium,8,8
1598,40,Female,Married,Better,College,4639,High,5,5
1599,43,Male,Divorced,Better,Bachelor,4876,High,8,6
1601,35,Male,Married,Good,College,2690,Very High,1,1
1602,46,Male,Single,Bad,Master,17567,Medium,27,26
1604,28,Male,Married,Better,Bachelor,2408,High,1,1
1605,22,Female,Married,Good,College,2814,Medium,4,4
1606,50,Male,Married,Better,Doctor,11245,High,32,30
1607,32,Female,Married,Better,Master,3312,Very High,6,3
1608,44,Female,Divorced,Good,Bachelor,19049,Very High,23,22
1609,30,Male,Married,Good,Bachelor,2141,Medium,6,6
1611,45,Female,Single,Better,Doctor,5769,Low,10,10
1612,45,Male,Married,Better,Bachelor,4385,Low,10,10
1613,31,Male,Single,Better,Master,5332,Very High,10,5
1614,36,Female,Married,Better,Master,4663,Medium,7,3
1615,34,Male,Divorced,Better,Master,4724,Low,9,9
1617,49,Female,Married,Good,Master,3211,Very High,10,9
1618,39,Male,Married,Better,Doctor,5377,Very High,10,7
1619,27,Male,Divorced,Better,Bachelor,4066,Low,7,7
1621,35,Male,Married,Better,Doctor,5208,Very High,16,16
1622,28,Female,Divorced,Good,Bachelor,4877,Medium,6,5
1623,21,Male,Single,Better,Below College,3117,High,3,2
1624,18,Female,Single,Best,College,1569,High,0,0
1625,47,Female,Married,Better,Master,19658,High,27,5
1627,39,Male,Divorced,Better,College,3069,Very High,11,10
1628,40,Female,Married,Better,Bachelor,10435,Very High,18,18
1630,35,Female,Married,Better,Master,4148,Very High,15,14
1631,37,Male,Married,Good,Bachelor,5768,Low,9,4
1633,39,Female,Single,Bad,Bachelor,5042,Very High,10,9
1635,45,Female,Divorced,Better,College,5770,Low,10,10
1638,38,Female,Married,Best,College,7756,Very High,10,5
1639,35,Male,Married,Better,Bachelor,10306,High,15,13
1640,37,Female,Married,Bad,Bachelor,3936,Low,8,8
1641,40,Female,Single,Good,Bachelor,7945,Very High,18,4
1642,44,Male,Married,Better,Doctor,5743,High,14,10
1644,48,Male,Married,Better,Doctor,15202,Medium,23,2
1645,35,Male,Divorced,Good,College,5440,Very High,7,2
1646,24,Female,Single,Better,Below College,3760,High,6,6
1647,27,Female,Married,Better,Bachelor,3517,Low,5,3
1648,27,Male,Single,Good,Bachelor,2580,High,6,4
1649,40,Male,Single,Bad,Bachelor,2166,Medium,10,4
1650,29,Male,Single,Better,Bachelor,5869,High,8,5
1651,36,Female,Married,Better,Master,8008,High,9,3
1653,25,Male,Divorced,Better,Below College,5206,High,7,7
1654,39,Male,Married,Better,Bachelor,5295,High,7,5
1655,49,Female,Married,Better,Master,16413,Medium,27,4
1656,50,Female,Divorced,Better,Doctor,13269,High,19,14
1657,20,Female,Single,Better,Bachelor,2783,Low,2,2
1658,34,Female,Divorced,Better,Bachelor,5433,High,11,11
1659,36,Male,Single,Better,Bachelor,2013,High,15,4
1661,49,Female,Married,Better,Below College,13966,Medium,30,15
1662,36,Female,Married,Better,Master,4374,High,4,3
1664,36,Male,Divorced,Better,College,6842,Low,13,5
1665,54,Female,Married,Better,Doctor,17426,High,36,10
1666,43,Male,Married,Better,College,17603,Low,14,14
1667,35,Male,Single,Best,Master,4581,Low,13,11
1668,38,Male,Married,Best,Bachelor,4735,Very High,19,13
1669,29,Male,Divorced,Good,Bachelor,4187,Medium,10,10
1670,33,Male,Divorced,Better,Master,5505,High,6,6
1671,32,Male,Divorced,Good,Bachelor,5470,High,10,9
1673,31,Female,Married,Better,Master,5476,Low,10,10
1674,49,Female,Divorced,Good,Bachelor,2587,Medium,17,2
1675,38,Female,Single,Better,Bachelor,2440,Medium,4,4
1676,47,Female,Divorced,Better,Master,15972,High,29,3
1677,49,Male,Single,Better,Bachelor,15379,Low,23,8
1678,41,Male,Single,Better,College,7082,Very High,21,2
1680,20,Male,Single,Better,Below College,2728,Low,2,2
1681,33,Female,Divorced,Better,Bachelor,5368,High,7,6
1682,36,Male,Married,Good,Master,5347,Medium,10,3
1683,44,Female,Divorced,Better,Bachelor,3195,Low,8,2
1684,23,Male,Single,Better,Below College,3989,Low,5,5
1687,38,Female,Married,Good,College,3306,Very High,7,0
1689,53,Male,Married,Better,Master,7005,High,11,4
1691,48,Female,Married,Better,College,2655,High,19,9
1692,32,Male,Single,Better,Master,1393,Low,1,1
1693,26,Male,Single,Better,Bachelor,2570,High,7,7
1694,55,Male,Divorced,Better,Bachelor,3537,Very High,8,4
1696,34,Male,Married,Best,College,3986,High,15,15
1697,60,Male,Divorced,Best,Master,10883,High,19,1
1698,33,Male,Married,Better,Bachelor,2028,Very High,14,14
1700,37,Male,Divorced,Good,Master,9525,High,6,6
1701,34,Female,Married,Better,Bachelor,2929,Medium,10,10
1702,23,Male,Divorced,Better,Bachelor,2275,Medium,3,3
1703,44,Female,Married,Better,Bachelor,7879,Medium,9,8
1704,35,Male,Single,Best,Master,4930,High,6,5
1706,43,Male,Married,Better,Bachelor,7847,Low,10,10
1707,24,Male,Married,Better,Bachelor,4401,Very High,5,5
1708,41,Male,Single,Better,Bachelor,9241,Medium,10,10
1709,29,Female,Married,Better,Master,2974,High,9,5
1710,36,Female,Single,Good,Master,4502,High,17,13
1712,45,Male,Married,Good,Below College,10748,Very High,25,23
1714,24,Male,Married,Better,Below College,1555,High,1,1
1716,47,Male,Married,Bad,Bachelor,12936,High,25,23
1718,26,Male,Married,Best,Master,2305,High,3,3
1719,45,Female,Single,Better,College,16704,High,21,21
1720,32,Male,Married,Good,Bachelor,3433,Low,10,5
1721,31,Male,Married,Best,Master,3477,Very High,6,5
1722,41,Male,Married,Better,Bachelor,6430,Medium,10,3
1724,40,Female,Married,Better,College,6516,Medium,18,1
1725,24,Male,Divorced,Best,Below College,3907,Medium,6,6
1727,46,Male,Single,Better,Master,5562,Very High,19,10
1728,35,Male,Married,Better,Master,6883,Medium,17,7
1729,30,Male,Married,Good,Below College,2862,Medium,10,10
1731,47,Male,Married,Bad,Master,4978,Very High,4,1
1732,46,Male,Divorced,Good,Bachelor,10368,Medium,13,10
1733,36,Male,Divorced,Better,Doctor,6134,Medium,16,2
1734,32,Male,Single,Better,College,6735,Medium,10,0
1735,23,Female,Single,Bad,Below College,3295,High,3,3
1736,31,Female,Single,Good,Below College,5238,Very High,9,5
1737,39,Male,Married,Better,Bachelor,6472,Very High,9,9
1739,32,Male,Married,Bad,Bachelor,9610,High,10,4
1740,40,Male,Single,Good,Master,19833,Medium,21,21
1744,45,Female,Married,Best,Bachelor,9756,High,9,5
1745,30,Female,Single,Better,Master,4968,Very High,10,9
1746,24,Male,Married,Better,Bachelor,2145,Very High,3,2
1747,30,Female,Divorced,Good,Bachelor,2180,High,6,4
1749,31,Male,Married,Better,Bachelor,8346,High,6,5
1751,27,Female,Single,Good,Bachelor,3445,High,6,6
1752,29,Female,Single,Better,Bachelor,2760,High,2,2
1753,29,Male,Single,Best,Bachelor,6294,Very High,10,3
1754,30,Male,Divorced,Better,College,7140,Low,12,7
1755,34,Male,Married,Better,Master,2932,Low,6,5
1756,33,Female,Single,Good,Bachelor,5147,Very High,13,11
1757,49,Female,Single,Best,Master,4507,High,8,5
1758,33,Female,Single,Good,Bachelor,8564,High,11,0
1760,38,Female,Married,Good,College,2468,Medium,9,6
1761,31,Male,Married,Better,Master,8161,Low,10,1
1762,29,Female,Divorced,Better,Bachelor,2109,High,1,1
1763,30,Male,Married,Better,Bachelor,5294,High,10,7
1764,32,Male,Single,Better,Master,2718,Medium,12,7
1766,38,Male,Married,Better,Bachelor,5811,High,15,1
1767,43,Male,Married,Better,Bachelor,2437,Very High,6,1
1768,42,Male,Divorced,Good,Bachelor,2766,Medium,7,5
1770,55,Male,Married,Better,Bachelor,19038,Medium,34,1
1771,33,Male,Divorced,Good,Bachelor,3055,Very High,11,9
1772,41,Male,Divorced,Better,Master,2289,Medium,5,5
1774,34,Male,Divorced,Better,Bachelor,4001,High,15,15
1775,53,Female,Married,Good,Master,12965,Very High,27,3
1778,43,Male,Single,Better,Bachelor,3539,Medium,10,9
1779,34,Female,Single,Better,College,6029,Low,6,2
1780,21,Male,Single,Better,Below College,2679,Medium,1,1
1782,38,Female,Married,Better,College,3702,Medium,5,5
1783,22,Female,Married,Better,Below College,2398,High,1,1
1784,31,Female,Married,Better,Master,5468,Low,13,12
1786,51,Female,Married,Better,Bachelor,13116,Very High,15,2
1787,37,Male,Married,Better,College,4189,Low,5,5
1789,46,Male,Divorced,Better,Master,19328,High,24,2
1790,36,Male,Married,Better,Bachelor,8321,Very High,15,12
1792,44,Male,Divorced,Good,College,2342,High,6,5
1794,37,Male,Divorced,Good,College,4071,High,19,10
1797,35,Male,Single,Better,Bachelor,5813,Very High,10,10
1798,33,Male,Married,Better,Master,3143,Medium,14,10
1799,28,Male,Married,Best,Bachelor,2044,High,5,5
1800,39,Male,Single,Better,Below College,13464,High,9,4
1801,46,Male,Single,Better,College,7991,High,6,2
1802,40,Female,Married,Good,College,3377,Very High,7,4
1803,42,Male,Married,Good,Bachelor,5538,High,10,0
1804,35,Male,Divorced,Better,College,5762,High,15,7
1805,38,Male,Divorced,Better,Bachelor,2592,Very High,13,11
1807,34,Male,Married,Good,Master,5346,High,11,7
1809,37,Male,Single,Bad,Master,4213,Medium,10,10
1812,39,Male,Divorced,Better,Bachelor,4127,Very High,7,2
1813,43,Male,Single,Good,Bachelor,2438,High,7,3
1814,41,Male,Single,Bad,Bachelor,6870,Low,11,3
1815,41,Female,Divorced,Best,Below College,10447,Very High,23,22
1816,30,Female,Single,Better,Bachelor,9667,Medium,9,7
1818,26,Female,Married,Better,College,2148,High,6,5
1821,46,Female,Married,Best,College,8926,Very High,13,9
1822,40,Female,Divorced,Better,Bachelor,6513,Very High,12,5
1823,34,Male,Married,Better,College,6799,High,10,10
1824,58,Male,Divorced,Good,Bachelor,16291,Very High,37,16
1826,35,Male,Married,Best,Master,2705,Medium,6,5
1827,47,Female,Divorced,Better,Bachelor,10333,High,28,22
1829,40,Female,Divorced,Better,Bachelor,4448,Medium,15,7
1830,54,Female,Married,Good,Master,6854,Medium,14,7
1833,31,Female,Married,Better,Master,9637,Very High,9,3
1834,28,Female,Married,Better,Bachelor,3591,High,3,3
1835,38,Female,Married,Good,Master,5405,Low,20,4
1836,26,Male,Single,Better,Bachelor,4684,Low,5,5
1837,58,Male,Married,Better,Master,15787,Medium,23,2
1839,18,Female,Single,Bad,Bachelor,1514,High,0,0
1842,31,Male,Married,Better,Doctor,2956,High,2,1
1844,29,Male,Divorced,Better,Bachelor,2335,Very High,4,2
1845,45,Female,Married,Best,Master,5154,Medium,10,8
1847,36,Female,Married,Better,Master,6962,Very High,15,1
1849,43,Male,Married,Better,Master,5675,High,7,7
1850,27,Female,Single,Good,College,2379,High,6,5
1852,29,Male,Married,Best,Below College,3812,Medium,11,11
1853,32,Male,Single,Best,Master,4648,High,4,0
1854,42,Male,Married,Good,Master,2936,Medium,10,6
1856,47,Female,Single,Better,Master,2105,High,7,2
1857,46,Male,Divorced,Good,College,8578,High,12,9
1858,28,Male,Divorced,Better,College,2706,Medium,3,3
1859,29,Male,Divorced,Better,Below College,6384,Very High,11,7
1860,42,Male,Single,Better,Bachelor,3968,Very High,8,0
1862,32,Male,Single,Good,Master,9907,High,7,2
1863,46,Female,Divorced,Better,Bachelor,13225,Very High,25,19
1864,27,Female,Married,Better,Below College,3540,Very High,9,9
1865,29,Male,Married,Better,Below College,2804,Very High,1,1
1866,43,Female,Married,Better,Bachelor,19392,Very High,21,16
1867,48,Male,Married,Better,Bachelor,19665,Very High,29,22
1868,29,Male,Single,Good,College,2439,Medium,1,1
1869,46,Female,Married,Better,Bachelor,7314,High,14,8
1870,27,Female,Married,Good,Bachelor,4774,Very High,8,7
1871,39,Male,Divorced,Better,Master,3902,Medium,7,2
1873,55,Male,Married,Best,Master,2662,Medium,19,5
1875,28,Female,Married,Better,Bachelor,2856,Very High,1,1
1876,30,Male,Single,Good,Bachelor,1081,High,1,1
1878,22,Male,Single,Better,Below College,2472,Low,1,1
1880,36,Female,Married,Better,Master,5673,Low,10,10
1881,31,Male,Divorced,Better,Bachelor,4197,Low,10,10
1882,34,Male,Married,Better,Bachelor,9713,Very High,9,5
1883,29,Male,Single,Better,Bachelor,2062,Medium,11,3
1885,37,Male,Married,Better,Master,4284,High,16,5
1886,35,Female,Married,Better,College,4788,Very High,4,3
1888,45,Female,Married,Good,College,5906,Very High,10,9
1890,36,Male,Single,Good,Below College,3886,Very High,10,10
1892,40,Male,Divorced,Better,Master,16823,Low,22,19
1893,26,Female,Married,Good,College,2933,High,1,1
1898,27,Female,Single,Good,College,6500,Medium,9,8
1900,48,Female,Divorced,Better,Bachelor,17174,Medium,24,22
1903,44,Male,Married,Better,Master,5033,Very High,10,2
1905,34,Male,Married,Better,Master,2307,Medium,5,5
1907,56,Male,Single,Better,College,2587,Very High,5,4
1908,36,Male,Married,Bad,College,5507,High,12,4
1909,41,Female,Married,Better,Bachelor,4393,High,14,5
1911,42,Male,Married,Best,Bachelor,13348,Medium,18,13
1912,31,Female,Divorced,Better,College,6583,Very High,8,5
1915,34,Female,Married,Good,Below College,8103,High,9,4
1916,31,Female,Divorced,Good,Bachelor,3978,Medium,4,2
1918,26,Male,Married,Better,Bachelor,2544,Low,8,7
1922,45,Male,Single,Better,Master,5399,High,12,4
1924,33,Male,Single,Good,Master,5487,Medium,10,10
1927,28,Male,Married,Better,College,6834,High,7,7
1928,29,Male,Single,Better,Bachelor,1091,Very High,1,1
1929,39,Female,Married,Better,Master,5736,High,10,3
1931,27,Male,Married,Good,Master,2226,High,6,5
1932,34,Male,Married,Better,Master,5747,Medium,16,15
1933,28,Female,Single,Better,College,9854,Very High,6,2
1934,47,Male,Married,Best,Master,5467,High,16,8
1935,56,Female,Married,Better,Doctor,5380,High,6,0
1936,39,Male,Married,Better,College,5151,Very High,10,10
1937,38,Female,Divorced,Better,Bachelor,2133,High,20,20
1938,58,Female,Married,Good,Bachelor,17875,High,29,1
1939,32,Female,Single,Better,College,2432,Low,8,4
1940,38,Male,Divorced,Best,College,4771,Very High,10,5
1941,49,Male,Married,Better,Below College,19161,Very High,28,5
1943,42,Male,Divorced,Better,Master,5087,High,14,0
1944,27,Female,Married,Better,Bachelor,2863,Low,1,1
1945,35,Male,Married,Bad,Master,5561,Very High,6,5
1947,28,Male,Single,Good,Bachelor,2144,High,5,5
1948,31,Male,Divorced,Best,College,3065,Very High,4,4
1949,36,Male,Married,Better,Master,2810,Medium,5,5
1950,34,Male,Single,Good,Bachelor,9888,Low,14,14
1951,34,Male,Divorced,Good,Master,8628,High,9,8
1952,26,Male,Single,Good,Bachelor,2867,Very High,8,7
1954,29,Male,Married,Good,Bachelor,5373,Low,6,5
1955,32,Female,Divorced,Better,Master,6667,Medium,9,5
1956,31,Male,Married,Better,Bachelor,5003,Medium,10,10
1960,28,Male,Divorced,Good,Bachelor,2367,Low,6,4
1961,38,Male,Single,Good,Bachelor,2858,Low,20,1
1962,35,Female,Married,Better,Master,5204,Very High,10,10
1965,27,Male,Single,Better,Bachelor,4105,Low,7,7
1966,32,Male,Single,Better,Master,9679,Medium,8,1
1967,31,Male,Married,Better,Master,5617,High,10,10
1968,53,Male,Single,Good,Master,10448,Medium,15,2
1969,54,Female,Married,Good,College,2897,High,9,4
1970,33,Male,Divorced,Better,College,5968,High,9,9
1971,43,Male,Married,Better,Bachelor,7510,Medium,10,10
1972,38,Male,Married,Better,Master,2991,Medium,7,6
1973,55,Male,Married,Better,Master,19636,Low,35,10
1974,31,Female,Divorced,Better,Below College,1129,High,1,1
1975,39,Male,Single,Better,Master,13341,Low,21,20
1976,42,Male,Single,Better,College,4332,Very High,20,20
1979,31,Female,Married,Best,Bachelor,11031,High,13,11
1980,54,Female,Single,Better,Bachelor,4440,Very High,9,5
1981,24,Male,Single,Good,College,4617,Medium,4,4
1982,23,Male,Single,Best,College,2647,High,5,5
1985,40,Female,Married,Best,Bachelor,6323,Low,10,10
1986,40,Female,Married,Better,College,5677,High,15,11
1987,25,Female,Married,Better,Bachelor,2187,High,6,2
1989,30,Male,Married,Good,College,3748,High,12,12
1992,25,Male,Divorced,Good,Below College,3977,High,7,2
1993,47,Male,Single,Better,Bachelor,8633,Medium,25,17
1994,33,Male,Divorced,Good,College,2008,High,1,1
1995,38,Male,Married,Better,Master,4440,Low,16,15
1996,31,Male,Married,Better,College,3067,High,3,2
1997,38,Male,Married,Better,Master,5321,Very High,10,8
1998,42,Male,Divorced,Good,Master,5410,High,9,4
1999,41,Male,Married,Better,Bachelor,2782,Low,12,5
2000,47,Female,Married,Bad,Below College,11957,Low,14,13
2003,35,Male,Married,Better,Master,2660,High,5,2
2007,22,Male,Single,Best,College,3375,Very High,4,3
2008,35,Male,Single,Better,Master,5098,Medium,10,10
2009,33,Female,Married,Better,College,4878,Low,10,9
2010,32,Female,Single,Better,Master,2837,High,6,6
2012,40,Male,Married,Good,Master,2406,High,8,1
2013,32,Male,Married,Better,Master,2269,Medium,3,2
2014,39,Male,Single,Better,Below College,4108,Low,18,7
2015,38,Female,Married,Better,Bachelor,13206,Low,20,18
2016,32,Female,Married,Better,Master,10422,High,14,14
2017,37,Female,Married,Better,Bachelor,13744,Low,16,16
2018,25,Female,Divorced,Good,College,4907,Medium,6,5
2019,52,Male,Divorced,Good,Master,3482,Medium,16,9
2020,44,Male,Single,Better,Bachelor,2436,High,6,4
2021,21,Male,Single,Better,Below College,2380,Very High,2,2
2022,39,Male,Single,Good,Bachelor,19431,High,21,6
2023,23,Male,Married,Good,Bachelor,1790,Low,1,1
2024,36,Female,Married,Better,Bachelor,7644,High,10,9
2025,36,Female,Divorced,Better,College,5131,Medium,18,4
2026,56,Male,Divorced,Good,Master,6306,Low,13,13
2027,29,Male,Married,Best,Master,4787,Medium,4,2
2031,42,Male,Married,Good,Bachelor,18880,Low,24,22
2032,56,Male,Married,Bad,College,2339,Very High,14,10
2034,41,Female,Married,Better,Master,13570,High,21,20
2035,34,Female,Married,Better,Bachelor,6712,Very High,8,8
2036,36,Male,Divorced,Good,Master,5406,Low,15,15
2037,41,Male,Divorced,Better,Bachelor,8938,High,14,5
2038,32,Male,Single,Better,Bachelor,2439,Very High,4,4
2040,35,Female,Single,Better,Master,8837,High,9,9
2041,38,Female,Married,Better,College,5343,High,10,10
2044,50,Male,Divorced,Better,Master,6728,Very High,12,6
2045,36,Female,Married,Good,Master,6652,Low,8,6
2046,45,Female,Single,Better,Bachelor,4850,High,8,5
2048,40,Male,Single,Better,Master,2809,Very High,8,2
2049,35,Male,Married,Best,Master,5689,Very High,10,10
2051,40,Female,Married,Better,Master,2001,Medium,20,5
2052,35,Female,Married,Better,Master,2977,Very High,4,4
2053,29,Male,Married,Better,College,4025,Low,10,4
2054,29,Female,Single,Bad,Master,3785,Medium,5,5
2055,50,Male,Divorced,Better,Bachelor,10854,Medium,20,3
2056,39,Female,Married,Good,Below College,12031,Low,21,20
2057,31,Male,Single,Better,Bachelor,9936,Medium,10,9
2060,26,Female,Single,Better,Bachelor,2966,Very High,5,4
2061,36,Male,Married,Better,College,2571,High,17,5
2062,39,Male,Married,Better,Below College,9991,Low,9,7
2064,27,Male,Married,Better,Bachelor,6142,Medium,6,6
2065,49,Male,Married,Good,Bachelor,5390,Very High,17,9
2068,34,Male,Married,Best,Bachelor,4404,Low,6,4
