EmployeeNumber:int,Age:int,Gender:string,MaritalStatus:string,WorkLifeBalance:string,Education:string
1,41,Female,Single,Bad,College
2,49,Male,Married,Better,Below College
4,37,Male,Single,Better,College
5,33,Female,Married,Better,Master
7,27,Male,Married,Better,Below College
8,32,Male,Single,Good,College
10,59,Female,Married,Good,Bachelor
11,30,Male,Divorced,Better,Below College
12,38,Male,Single,Better,Bachelor
13,36,Male,Married,Good,Bachelor
14,35,Male,Married,Better,Bachelor
15,29,Female,Single,Better,College
16,31,Male,Divorced,Good,Below College
18,34,Male,Divorced,Better,College
19,28,Male,Single,Better,Bachelor
20,29,Female,Divorced,Better,Master
21,32,Male,Divorced,Good,College
22,22,Male,Divorced,Good,College
23,53,Female,Married,Better,Master
24,38,Male,Single,Better,Bachelor
26,24,Female,Divorced,Good,College
27,36,Male,Single,Better,Master
28,34,Female,Single,Better,Master
30,21,Male,Single,Better,College
31,34,Male,Single,Better,Below College
32,53,Female,Divorced,Good,Bachelor
33,32,Female,Single,Better,Below College
35,42,Male,Married,Better,Master
36,44,Female,Married,Better,Master
38,46,Female,Single,Good,Master
39,33,Male,Single,Better,Bachelor
40,44,Male,Married,Best,Master
41,30,Male,Single,Better,College
42,39,Male,Married,Best,Bachelor
45,24,Male,Married,Good,Bachelor
46,43,Female,Divorced,Good,College
47,50,Male,Married,Better,College
49,35,Female,Married,Better,Bachelor
51,36,Female,Married,Best,Master
52,33,Female,Married,Better,Bachelor
53,35,Male,Divorced,Better,College
54,27,Female,Divorced,Better,Master
55,26,Male,Single,Good,Bachelor
56,27,Male,Single,Better,Bachelor
57,30,Female,Single,Better,College
58,41,Female,Married,Better,Bachelor
60,34,Male,Single,Better,Master
61,37,Male,Married,Better,College
62,46,Male,Single,Better,Master
63,35,Male,Married,Better,Below College
64,48,Male,Single,Better,College
65,28,Male,Single,Good,Master
68,44,Female,Divorced,Good,Doctor
70,35,Male,Married,Better,College
72,26,Female,Married,Good,Bachelor
73,33,Female,Single,Better,College
74,35,Male,Married,Good,Doctor
75,35,Female,Married,Better,Master
76,31,Male,Divorced,Good,Master
77,37,Male,Divorced,Best,Master
78,32,Male,Married,Better,Bachelor
79,38,Female,Single,Better,Doctor
80,50,Female,Divorced,Good,College
81,59,Female,Single,Good,Bachelor
83,36,Female,Divorced,Better,Bachelor
84,55,Female,Divorced,Better,Bachelor
85,36,Male,Single,Better,Bachelor
86,45,Male,Divorced,Better,Bachelor
88,35,Male,Married,Good,Bachelor
90,36,Male,Married,Good,Bachelor
91,59,Female,Single,Good,Below College
94,29,Male,Married,Better,Bachelor
95,31,Male,Single,Better,Master
96,32,Male,Married,Better,Bachelor
97,36,Female,Married,Better,Bachelor
98,31,Female,Single,Better,Master
100,35,Male,Single,Better,Master
101,45,Male,Married,Best,Master
102,37,Male,Single,Best,Master
103,46,Male,Divorced,Better,College
104,30,Male,Married,Good,Below College
105,35,Male,Single,Better,Bachelor
106,55,Male,Married,Better,College
107,38,Female,Divorced,Better,Bachelor
110,34,Male,Married,Better,College
112,56,Male,Single,Good,Bachelor
113,23,Male,Divorced,Better,Below College
116,51,Male,Married,Better,Master
117,30,Male,Married,Better,Bachelor
118,46,Male,Single,Better,College
119,40,Male,Married,Good,Master
120,51,Male,Single,Bad,Master
121,30,Female,Divorced,Good,College
124,46,Male,Married,Good,Bachelor
125,32,Male,Single,Better,Master
126,54,Female,Married,Bad,Master
128,24,Female,Married,Good,College
129,28,Male,Married,Best,Bachelor
131,58,Male,Single,Good,Master
132,44,Male,Married,Best,Bachelor
133,37,Male,Divorced,Better,Master
134,32,Male,Single,Better,Below College
137,20,Female,Single,Better,Bachelor
138,34,Female,Single,Better,Master
139,37,Male,Divorced,Best,College
140,59,Female,Married,Better,Master
141,50,Female,Married,Good,Bachelor
142,25,Male,Single,Better,Bachelor
143,25,Male,Married,Better,Below College
144,22,Female,Single,Better,Bachelor
145,51,Female,Single,Good,Master
147,34,Male,Single,Better,Bachelor
148,54,Female,Single,Better,Bachelor
150,24,Male,Married,Better,Below College
151,34,Female,Divorced,Better,Master
152,37,Male,Single,Better,Bachelor
153,34,Female,Single,Better,Bachelor
154,36,Female,Married,Better,College
155,36,Female,Divorced,Better,College
158,43,Male,Married,Best,College
159,30,Male,Divorced,Good,Bachelor
160,33,Male,Married,Best,College
161,56,Female,Married,Better,Master
162,51,Male,Single,Better,Bachelor
163,31,Male,Married,Good,Master
164,26,Female,Married,Good,Bachelor
165,58,Female,Married,Good,Master
167,19,Male,Single,Good,Below College
169,22,Male,Married,Better,Below College
170,49,Female,Married,Good,Master
171,43,Female,Single,Better,Bachelor
174,50,Female,Single,Better,Bachelor
175,31,Female,Married,Better,Bachelor
176,41,Male,Divorced,Better,Below College
177,26,Female,Married,Better,Below College
178,36,Male,Divorced,Better,College
179,51,Male,Single,Better,Master
182,39,Female,Married,Best,Master
183,25,Male,Married,Better,Bachelor
184,30,Male,Married,Bad,Bachelor
190,32,Female,Single,Best,Bachelor
192,45,Male,Single,Good,Bachelor
193,38,Female,Single,Better,Doctor
194,30,Female,Single,Good,Bachelor
195,32,Male,Divorced,Best,College
197,30,Female,Divorced,Better,Bachelor
198,30,Male,Single,Better,Below College
199,41,Male,Divorced,Good,Bachelor
200,41,Male,Married,Better,Master
201,19,Female,Single,Better,Below College
202,40,Female,Divorced,Better,Bachelor
204,35,Male,Married,Better,Doctor
205,53,Male,Married,Bad,College
206,45,Male,Divorced,Bad,Bachelor
207,32,Female,Single,Better,Bachelor
208,29,Male,Married,Better,Below College
211,51,Male,Married,Better,Master
214,58,Female,Married,Good,Bachelor
215,40,Male,Married,Good,Master
216,34,Female,Married,Better,Master
217,22,Male,Married,Better,Below College
218,27,Male,Divorced,Bad,Bachelor
221,28,Male,Married,Bad,Bachelor
223,57,Male,Divorced,Bad,College
224,27,Male,Divorced,Good,Bachelor
226,50,Female,Single,Better,Bachelor
227,41,Male,Divorced,Better,Bachelor
228,30,Female,Married,Better,Bachelor
230,38,Female,Single,Best,Master
231,32,Male,Single,Better,Doctor
233,27,Male,Married,Good,Bachelor
235,19,Female,Single,Best,Below College
238,36,Male,Single,Good,College
239,30,Male,Divorced,Better,Bachelor
240,45,Female,Divorced,Best,College
241,56,Female,Divorced,Better,Bachelor
242,33,Male,Single,Best,Bachelor
243,19,Male,Single,Good,Bachelor
244,46,Female,Divorced,Better,College
245,38,Female,Single,Better,College
246,31,Female,Married,Better,Below College
247,34,Female,Single,Better,College
248,41,Female,Single,Good,College
249,50,Male,Married,Good,Bachelor
250,53,Female,Divorced,Better,College
252,33,Female,Married,Better,Bachelor
253,40,Female,Married,Better,Below College
254,55,Male,Single,Better,Master
256,34,Male,Married,Good,Below College
258,51,Female,Single,Better,Bachelor
259,52,Male,Married,Better,Master
260,27,Female,Single,Good,Bachelor
261,35,Male,Married,Better,College
262,43,Male,Divorced,Best,Bachelor
264,45,Male,Married,Better,College
267,37,Male,Married,Good,Bachelor
269,35,Female,Single,Better,Bachelor
270,42,Female,Divorced,Better,College
271,38,Male,Married,Better,Master
273,38,Male,Married,Bad,Bachelor
274,27,Male,Married,Better,Below College
275,49,Male,Divorced,Better,Master
277,34,Male,Divorced,Best,Master
281,40,Male,Married,Best,College
282,38,Male,Married,Better,Below College
283,29,Female,Married,Good,Bachelor
284,22,Male,Divorced,Good,Bachelor
286,36,Female,Single,Better,Below College
287,40,Male,Married,Bad,Doctor
288,46,Male,Divorced,Better,Master
291,32,Male,Married,Good,Master
292,30,Male,Single,Better,Below College
293,27,Female,Single,Better,Bachelor
296,51,Male,Married,Bad,Master
297,30,Female,Single,Better,Bachelor
298,41,Female,Single,Better,Bachelor
299,30,Female,Single,Good,Master
300,29,Male,Single,Good,Bachelor
302,45,Female,Single,Better,Bachelor
303,54,Female,Married,Better,Bachelor
304,36,Male,Single,Best,College
305,33,Female,Married,Better,Master
306,37,Male,Divorced,Better,Bachelor
307,38,Male,Divorced,Good,Bachelor
308,31,Male,Married,Better,Master
309,59,Male,Married,Better,Bachelor
311,37,Male,Divorced,Better,Master
312,29,Female,Married,Better,Below College
314,35,Female,Single,Best,Bachelor
315,29,Male,Single,Good,Below College
316,52,Female,Single,Good,Bachelor
319,42,Male,Married,Better,College
321,59,Male,Married,Good,College
323,50,Female,Divorced,Good,Master
325,33,Male,Married,Bad,Bachelor
327,43,Female,Married,Better,Bachelor
328,33,Female,Married,Best,College
329,52,Male,Single,Best,Master
330,32,Female,Married,Better,College
331,32,Male,Single,Bad,Bachelor
332,39,Female,Divorced,Better,Master
333,32,Male,Married,Better,Master
334,41,Male,Divorced,Good,College
335,40,Male,Divorced,Better,College
336,45,Male,Married,Better,Bachelor
337,31,Male,Divorced,Better,Master
338,33,Female,Married,Good,Master
339,34,Male,Married,Better,Master
340,37,Female,Married,Good,College
341,45,Male,Married,Better,Master
342,37,Male,Divorced,Better,Bachelor
343,39,Female,Single,Better,Master
346,29,Male,Single,Better,Bachelor
347,42,Female,Single,Better,College
349,29,Male,Divorced,Better,College
350,25,Female,Married,Better,Bachelor
351,42,Female,Divorced,Better,Bachelor
352,40,Male,Divorced,Better,College
353,51,Male,Married,Good,Bachelor
355,31,Male,Single,Best,College
359,32,Male,Married,Bad,Bachelor
361,38,Male,Married,Better,College
362,32,Male,Single,Better,Below College
363,46,Female,Married,Good,Bachelor
364,28,Male,Single,Bad,Master
366,29,Male,Married,Better,Bachelor
367,31,Male,Married,Better,Bachelor
369,25,Male,Divorced,Better,College
372,45,Male,Married,Better,College
373,36,Male,Married,Better,Bachelor
374,55,Male,Single,Better,Bachelor
376,47,Male,Married,Good,Master
377,28,Male,Married,Good,Bachelor
378,37,Male,Married,Best,Master
379,21,Male,Single,Best,College
380,37,Female,Divorced,Better,Master
381,35,Female,Divorced,Good,Bachelor
382,38,Female,Divorced,Better,College
384,26,Female,Divorced,Bad,Bachelor
385,50,Male,Divorced,Good,Below College
386,53,Male,Married,Good,Master
387,42,Male,Married,Better,Below College
388,29,Male,Single,Good,College
389,55,Male,Married,Better,College
390,26,Male,Married,Better,College
391,37,Female,Single,Better,Bachelor
392,44,Male,Divorced,Bad,Bachelor
393,38,Male,Divorced,Better,Master
394,26,Male,Divorced,Better,Master
395,28,Female,Single,Better,College
396,49,Female,Single,Better,Master
397,36,Male,Single,Better,Bachelor
399,31,Female,Divorced,Good,Bachelor
401,26,Male,Single,Better,Master
403,37,Male,Married,Good,Bachelor
404,42,Female,Married,Best,Bachelor
405,18,Male,Single,Better,Bachelor
406,35,Male,Married,Good,Bachelor
407,36,Male,Married,Better,Master
408,51,Male,Divorced,Better,Bachelor
410,41,Male,Single,Better,Master
411,18,Female,Single,Better,Bachelor
412,28,Male,Single,Better,College
416,31,Male,Married,Good,Bachelor
417,39,Male,Divorced,Good,Bachelor
419,36,Female,Married,Better,Master
420,32,Male,Married,Good,Bachelor
421,38,Female,Married,Better,College
422,58,Male,Divorced,Better,Master
423,31,Male,Married,Better,Master
424,31,Male,Married,Better,Bachelor
425,45,Male,Divorced,Better,Bachelor
426,31,Male,Divorced,Bad,Master
428,33,Female,Married,Better,Master
429,39,Male,Married,Better,Below College
430,43,Female,Single,Better,Master
431,49,Female,Single,Better,College
433,52,Male,Married,Good,Master
434,27,Female,Single,Good,Bachelor
436,32,Female,Married,Better,College
437,27,Male,Single,Better,Bachelor
438,31,Male,Divorced,Better,Bachelor
439,32,Female,Single,Good,Master
440,28,Male,Married,Good,Master
441,30,Female,Married,Better,College
442,31,Female,Married,Better,College
444,39,Male,Married,Better,College
445,39,Female,Married,Good,College
446,33,Male,Single,Good,Bachelor
447,47,Male,Married,Better,Doctor
448,43,Female,Divorced,Best,Master
449,27,Male,Married,Better,Below College
450,54,Female,Single,Good,Master
451,43,Female,Married,Good,Bachelor
452,45,Male,Married,Better,Master
453,40,Male,Married,Good,College
454,29,Male,Married,Good,Master
455,29,Male,Single,Better,Doctor
456,30,Female,Divorced,Better,Bachelor
458,27,Female,Married,Better,Master
460,37,Male,Divorced,Good,College
461,38,Male,Divorced,Better,College
462,31,Female,Single,Good,Master
463,29,Female,Divorced,Better,Below College
464,35,Male,Single,Better,Master
465,23,Male,Divorced,Good,Below College
466,41,Male,Single,Better,Bachelor
467,47,Male,Single,Better,Below College
468,42,Female,Single,Better,Doctor
469,29,Male,Married,Good,Bachelor
470,42,Male,Divorced,Better,Below College
471,32,Female,Married,Better,Bachelor
473,48,Female,Married,Bad,Below College
474,37,Male,Divorced,Better,Bachelor
475,30,Female,Married,Best,College
476,26,Male,Married,Better,Bachelor
477,42,Male,Single,Better,Master
478,21,Female,Single,Better,Below College
479,36,Female,Single,Better,Doctor
481,36,Male,Married,Better,Master
482,57,Male,Married,Better,Master
483,40,Female,Married,Better,Master
484,21,Male,Single,Good,College
485,33,Female,Single,Better,Bachelor
486,37,Female,Married,Better,Bachelor
487,46,Female,Married,Best,Master
488,41,Male,Single,Better,Bachelor
491,50,Male,Single,Better,Bachelor
492,40,Male,Married,Better,College
493,31,Male,Single,Better,Master
494,21,Female,Single,Better,Bachelor
495,29,Male,Single,Better,Bachelor
496,35,Male,Single,Better,Master
497,27,Male,Divorced,Better,College
498,28,Male,Single,Better,Master
499,49,Male,Single,Better,Bachelor
500,51,Female,Married,Good,College
501,36,Female,Married,Better,Bachelor
502,34,Male,Single,Good,Bachelor
505,55,Female,Single,Better,Bachelor
507,24,Female,Divorced,Best,Master
508,30,Male,Married,Better,Below College
510,26,Male,Single,Better,Below College
511,22,Female,Married,Better,Bachelor
513,36,Male,Married,Better,College
514,30,Male,Single,Better,Bachelor
515,37,Female,Divorced,Good,Bachelor
516,40,Female,Divorced,Better,College
517,42,Female,Divorced,Better,Master
518,37,Male,Single,Good,Master
520,43,Male,Divorced,Better,Bachelor
521,40,Female,Married,Better,Bachelor
522,54,Male,Married,Good,College
523,34,Female,Married,Better,Master
524,31,Female,Married,Bad,College
525,43,Male,Married,Better,Bachelor
526,43,Female,Divorced,Better,Master
527,25,Female,Single,Better,College
529,37,Female,Married,Better,Doctor
530,31,Male,Married,Better,College
531,39,Male,Divorced,Better,Below College
532,56,Female,Married,Good,Bachelor
533,30,Female,Single,Better,Bachelor
534,41,Male,Married,Better,Bachelor
536,28,Male,Divorced,Better,College
538,25,Male,Married,Better,Bachelor
543,52,Male,Married,Better,Bachelor
544,45,Male,Married,Good,College
546,52,Female,Married,Bad,College
547,42,Female,Divorced,Better,College
548,30,Female,Single,Better,Bachelor
549,60,Female,Married,Bad,Bachelor
550,46,Female,Divorced,Good,Bachelor
551,42,Female,Married,Best,Master
554,24,Female,Single,Better,Below College
555,34,Female,Divorced,Good,College
556,38,Male,Married,Better,College
558,40,Female,Married,Better,Master
560,26,Female,Divorced,Bad,Bachelor
562,30,Male,Married,Bad,Bachelor
564,29,Male,Married,Better,Master
565,29,Female,Married,Best,Doctor
566,19,Male,Single,Best,College
567,30,Female,Married,Better,Master
568,57,Male,Divorced,Good,Bachelor
569,50,Male,Married,Better,Master
571,30,Female,Single,Good,Bachelor
573,60,Female,Married,Best,Bachelor
574,47,Female,Divorced,Better,College
575,46,Male,Married,Bad,Bachelor
577,35,Male,Single,Better,Bachelor
578,54,Female,Single,Better,Master
579,34,Male,Divorced,Better,Master
580,46,Female,Married,Better,Bachelor
581,31,Male,Divorced,Best,Below College
582,33,Male,Married,Best,Below College
584,33,Male,Divorced,Better,Below College
585,30,Male,Single,Better,Below College
586,35,Male,Married,Better,Bachelor
587,31,Male,Married,Better,Bachelor
590,34,Female,Divorced,Better,Bachelor
591,42,Male,Married,Better,College
592,36,Male,Single,Good,Master
593,22,Male,Single,Better,Below College
595,48,Female,Married,Better,Doctor
597,55,Female,Single,Better,Doctor
599,41,Male,Single,Better,College
600,35,Male,Married,Better,Bachelor
601,40,Female,Single,Better,Bachelor
602,39,Female,Married,Better,Below College
604,31,Male,Single,Best,Below College
605,42,Male,Married,Good,Bachelor
606,45,Male,Married,Best,Bachelor
608,26,Female,Divorced,Good,Master
611,29,Male,Divorced,Best,Bachelor
612,33,Female,Divorced,Better,Doctor
613,31,Male,Divorced,Good,Bachelor
614,18,Male,Single,Better,Bachelor
615,40,Male,Divorced,Better,Bachelor
616,41,Female,Single,Better,Master
618,26,Male,Divorced,Better,College
620,35,Female,Single,Better,Bachelor
621,34,Male,Single,Better,Master
622,26,Male,Single,Bad,Bachelor
623,37,Female,Single,Best,Bachelor
624,46,Female,Married,Good,Below College
625,41,Female,Married,Better,Doctor
626,37,Male,Divorced,Better,Master
630,52,Male,Divorced,Better,College
631,32,Male,Married,Better,Master
632,24,Male,Married,Better,Bachelor
634,38,Female,Married,Better,Bachelor
635,37,Female,Married,Good,Master
638,49,Male,Divorced,Better,Master
639,24,Male,Married,Better,Bachelor
641,26,Male,Married,Best,College
643,24,Male,Married,Better,College
644,50,Male,Married,Better,Bachelor
645,25,Male,Married,Better,Below College
647,24,Female,Married,Better,Bachelor
648,30,Male,Married,Best,Master
649,34,Male,Married,Better,College
650,31,Male,Divorced,Bad,Master
652,35,Male,Single,Better,College
653,31,Male,Divorced,Best,Master
655,27,Female,Divorced,Good,Master
656,37,Male,Married,Good,Bachelor
657,20,Female,Single,Best,Bachelor
659,42,Female,Married,Better,Master
661,43,Male,Divorced,Good,Master
662,38,Female,Single,Good,Below College
663,43,Male,Divorced,Better,Doctor
664,48,Female,Married,Bad,Master
665,44,Female,Single,Best,Master
666,34,Female,Divorced,Better,Bachelor
667,27,Male,Divorced,Better,Below College
669,21,Male,Single,Better,Below College
671,44,Male,Married,Best,Master
675,22,Male,Married,Better,Below College
677,33,Male,Divorced,Better,Master
679,32,Female,Married,Good,Master
680,30,Female,Divorced,Better,Bachelor
682,53,Female,Single,Best,Below College
683,34,Male,Married,Good,Doctor
684,45,Female,Married,Better,Master
686,26,Female,Married,Better,Bachelor
689,37,Male,Married,Better,Bachelor
690,29,Female,Married,Good,College
691,35,Male,Single,Better,Master
692,33,Male,Divorced,Bad,Bachelor
698,54,Male,Married,Best,Master
699,36,Male,Divorced,Better,College
700,27,Male,Single,Better,Master
701,20,Male,Single,Better,Below College
702,33,Male,Single,Better,Bachelor
704,35,Male,Married,Better,Bachelor
705,23,Male,Married,Best,Bachelor
707,25,Male,Married,Better,Bachelor
709,38,Female,Single,Better,Master
710,29,Male,Divorced,Better,Master
712,48,Male,Married,Better,Below College
714,27,Female,Divorced,Better,Below College
715,37,Male,Single,Better,College
716,50,Male,Married,Better,Below College
717,34,Female,Single,Best,Bachelor
720,24,Female,Single,Better,College
721,39,Female,Single,Better,Master
722,32,Male,Single,Good,Bachelor
723,50,Male,Married,Better,College
724,38,Female,Single,Good,Master
725,27,Female,Married,Better,College
727,32,Female,Single,Better,College
728,47,Male,Single,Better,Master
729,40,Male,Married,Better,Master
730,53,Male,Married,Better,Bachelor
731,41,Male,Divorced,Good,Master
732,60,Male,Single,Better,Master
733,27,Male,Divorced,Good,College
734,41,Male,Married,Better,Bachelor
738,50,Male,Married,Better,Master
741,28,Female,Single,Better,College
742,36,Female,Married,Better,Bachelor
743,38,Female,Single,Best,Bachelor
744,44,Male,Single,Better,Bachelor
746,47,Female,Divorced,Good,Bachelor
747,30,Male,Divorced,Good,Doctor
749,29,Male,Single,Better,Bachelor
752,42,Male,Divorced,Better,Bachelor
754,43,Male,Married,Better,Bachelor
757,34,Female,Single,Better,College
758,23,Male,Married,Best,Below College
760,39,Female,Married,Bad,Bachelor
762,56,Male,Married,Good,Bachelor
763,40,Female,Single,Good,Below College
764,27,Female,Single,Bad,Bachelor
766,29,Male,Divorced,Better,Bachelor
769,53,Male,Single,Better,Bachelor
771,35,Female,Divorced,Best,Master
772,32,Male,Married,Better,Master
773,38,Male,Married,Bad,Doctor
775,34,Female,Divorced,Better,Doctor
776,52,Male,Married,Best,Master
780,33,Male,Single,Good,Master
781,25,Female,Single,Good,Below College
783,45,Male,Single,Better,College
784,23,Male,Single,Better,Below College
785,47,Female,Single,Better,College
786,34,Male,Single,Better,Bachelor
787,55,Male,Married,Better,Bachelor
789,36,Male,Single,Better,Master
791,52,Male,Married,Better,Master
792,26,Female,Divorced,Better,College
793,29,Female,Married,Good,Bachelor
796,26,Male,Single,Good,Bachelor
797,34,Female,Single,Better,Master
799,54,Female,Divorced,Better,Master
800,27,Male,Married,Better,Below College
802,37,Female,Divorced,Good,Below College
803,38,Female,Single,Better,Master
804,34,Female,Single,Better,Master
805,35,Female,Married,Good,Master
806,30,Male,Married,Better,Bachelor
807,40,Female,Married,Better,College
808,34,Female,Married,Better,College
809,42,Male,Divorced,Good,Bachelor
811,23,Male,Married,Better,Bachelor
812,24,Male,Divorced,Better,Bachelor
813,52,Female,Married,Better,Master
815,50,Male,Married,Better,Bachelor
816,29,Female,Married,Better,College
817,33,Male,Married,Best,Bachelor
819,33,Female,Single,Better,Bachelor
820,47,Female,Married,Good,College
823,36,Female,Married,Better,Bachelor
824,29,Male,Married,Better,College
825,58,Male,Single,Better,Master
826,35,Female,Single,Better,Master
827,42,Female,Married,Better,College
828,28,Male,Single,Good,Master
829,36,Male,Married,Better,Bachelor
830,32,Female,Married,Better,Bachelor
832,40,Male,Single,Better,Master
833,30,Female,Single,Good,Bachelor
834,45,Female,Single,Better,Bachelor
836,42,Male,Married,Good,Bachelor
837,38,Male,Divorced,Good,Bachelor
838,34,Female,Single,Better,Master
840,49,Female,Married,Best,Bachelor
842,55,Male,Single,Good,Below College
843,43,Male,Married,Better,College
844,27,Male,Divorced,Better,Below College
845,35,Male,Single,Best,Bachelor
846,28,Female,Married,Better,Master
847,34,Male,Married,Bad,College
848,26,Female,Married,Better,College
850,27,Male,Married,Good,Bachelor
851,51,Female,Married,Good,Master
852,44,Male,Single,Good,Bachelor
854,25,Male,Single,Good,Below College
855,33,Male,Divorced,Better,Bachelor
856,35,Female,Single,Good,Below College
857,36,Male,Married,Good,College
859,32,Male,Divorced,Good,Master
861,30,Male,Divorced,Good,Master
862,53,Female,Married,Better,College
864,45,Male,Divorced,Better,Bachelor
865,32,Female,Married,Good,College
867,52,Female,Married,Better,Master
868,37,Male,Divorced,Better,Master
869,28,Male,Divorced,Better,College
872,22,Male,Married,Bad,College
874,44,Male,Married,Good,Master
875,42,Male,Single,Better,Below College
878,36,Male,Married,Better,Bachelor
879,25,Male,Married,Better,Below College
880,35,Female,Married,Better,Bachelor
881,35,Female,Divorced,Good,Master
882,32,Male,Divorced,Better,Bachelor
885,25,Male,Married,Best,Below College
887,49,Female,Married,Better,Bachelor
888,24,Male,Married,Good,Below College
889,32,Male,Married,Better,College
893,38,Male,Married,Better,Bachelor
894,42,Female,Married,Good,Bachelor
895,31,Male,Married,Better,Master
896,29,Female,Divorced,Better,Bachelor
897,53,Male,Married,Better,Bachelor
899,35,Male,Married,Better,Bachelor
900,37,Female,Married,Better,College
901,53,Female,Single,Better,Master
902,43,Female,Married,Good,Bachelor
903,47,Female,Married,Better,College
904,37,Male,Single,Better,College
905,50,Male,Divorced,Better,Master
909,39,Female,Married,Better,Bachelor
910,33,Male,Divorced,Best,College
911,32,Male,Single,Bad,Master
912,29,Female,Divorced,Better,Below College
913,44,Male,Married,Better,College
916,28,Male,Single,Better,Master
918,58,Male,Divorced,Good,Below College
920,43,Female,Divorced,Best,Bachelor
922,20,Female,Single,Good,Bachelor
923,21,Female,Single,Good,Below College
924,36,Male,Married,Good,Below College
925,47,Female,Single,Good,Master
926,22,Female,Married,Best,Below College
927,41,Female,Divorced,Good,Master
930,28,Female,Divorced,Better,Bachelor
932,39,Male,Married,Bad,Bachelor
933,27,Female,Single,Better,Bachelor
934,34,Male,Divorced,Better,Bachelor
936,42,Female,Single,Better,College
939,33,Male,Single,Better,Master
940,58,Female,Divorced,Better,Bachelor
941,31,Male,Married,Best,Master
942,35,Female,Married,Bad,Below College
944,49,Female,Married,Good,College
945,48,Male,Married,Good,Master
947,31,Female,Married,Good,College
949,36,Male,Single,Better,Master
950,38,Female,Married,Better,Bachelor
951,32,Female,Married,Better,Bachelor
952,25,Male,Married,Better,College
954,40,Male,Divorced,Good,Master
956,26,Male,Single,Better,Bachelor
957,41,Male,Single,Better,Bachelor
958,36,Male,Single,Better,Master
959,19,Male,Single,Best,Bachelor
960,20,Male,Single,Better,Bachelor
961,31,Female,Married,Bad,Bachelor
964,40,Male,Divorced,Better,Master
966,32,Female,Married,Best,Master
967,36,Male,Married,Better,Below College
969,33,Female,Single,Better,Bachelor
970,37,Male,Married,Bad,Master
972,45,Male,Married,Good,College
974,29,Female,Married,Better,Bachelor
975,35,Female,Married,Better,Bachelor
976,52,Male,Married,Good,College
977,58,Male,Single,Better,Bachelor
981,53,Male,Divorced,Best,College
982,30,Male,Divorced,Best,College
983,38,Female,Single,Better,Bachelor
984,35,Male,Divorced,Better,Master
985,39,Male,Single,Better,Doctor
986,40,Female,Single,Good,Bachelor
987,47,Male,Divorced,Best,Master
990,36,Male,Divorced,Better,Master
991,31,Male,Single,Better,College
992,33,Male,Single,Better,Bachelor
994,29,Female,Single,Better,Bachelor
995,33,Female,Single,Better,Below College
996,45,Female,Divorced,Better,Master
997,50,Male,Divorced,Good,College
998,33,Female,Married,Better,Master
999,41,Male,Divorced,Best,Bachelor
1001,27,Female,Married,Better,Master
1002,45,Male,Married,Better,College
1003,47,Female,Single,Better,College
1004,30,Female,Married,Better,Bachelor
1005,50,Male,Married,Better,Bachelor
1006,38,Male,Married,Good,Below College
1007,46,Male,Divorced,Better,College
1009,24,Female,Divorced,Better,Below College
1010,35,Male,Divorced,Bad,Master
1011,31,Female,Married,Better,Below College
1012,18,Male,Single,Better,College
1013,54,Female,Married,Better,Bachelor
1014,35,Female,Divorced,Good,Master
1015,30,Female,Married,Good,College
1016,20,Female,Single,Better,Bachelor
1017,30,Female,Single,Better,Bachelor
1018,26,Male,Married,Better,College
1019,22,Male,Married,Good,Below College
1022,48,Male,Single,Better,Bachelor
1024,48,Male,Single,Better,Master
1025,41,Female,Single,Better,College
1026,39,Female,Married,Better,Below College
1027,27,Female,Married,Better,Master
1028,35,Male,Divorced,Good,Bachelor
1029,42,Male,Married,Best,College
1030,50,Male,Married,Better,Bachelor
1032,59,Female,Single,Better,Bachelor
1033,37,Female,Married,Bad,College
1034,55,Male,Married,Better,Master
1035,41,Female,Divorced,Better,Below College
1036,38,Male,Single,Better,Master
1037,26,Male,Single,Better,College
1038,52,Female,Married,Better,Below College
1039,44,Female,Married,Better,Bachelor
1040,50,Female,Married,Better,Bachelor
1042,36,Female,Single,Better,Master
1043,39,Female,Single,Better,Bachelor
1044,33,Female,Single,Good,Below College
1045,45,Female,Married,Best,College
1046,32,Female,Single,Better,Master
1047,34,Male,Divorced,Good,Master
1048,59,Male,Married,Bad,College
1049,45,Male,Single,Better,Master
1050,53,Female,Married,Better,Bachelor
1052,36,Male,Divorced,Good,Bachelor
1053,26,Male,Married,Better,Bachelor
1055,34,Female,Married,Better,Master
1056,28,Male,Married,Better,Below College
1060,38,Male,Married,Better,Master
1061,50,Male,Married,Good,Master
1062,37,Female,Single,Good,Bachelor
1066,40,Male,Married,Good,Bachelor
1068,26,Female,Divorced,Better,Below College
1069,46,Male,Divorced,Better,Master
1070,54,Female,Married,Better,Master
1071,56,Female,Married,Better,Bachelor
1073,36,Female,Single,Good,Doctor
1074,55,Male,Single,Best,Below College
1076,43,Male,Divorced,Better,Bachelor
1077,20,Female,Single,Better,Bachelor
1079,21,Female,Single,Good,Bachelor
1080,46,Female,Divorced,Better,Master
1081,51,Male,Married,Best,Master
1082,28,Male,Single,Good,College
1083,26,Male,Married,Better,College
1084,30,Male,Married,Good,Bachelor
1085,41,Female,Married,Better,College
1088,38,Female,Married,Good,Below College
1092,40,Male,Married,Better,Master
1094,27,Male,Married,Better,Doctor
1096,55,Male,Married,Better,Below College
1097,28,Female,Single,Best,Bachelor
1098,44,Male,Married,Better,College
1099,33,Male,Divorced,Better,Bachelor
1100,35,Male,Single,Better,Bachelor
1101,33,Female,Single,Better,Master
1102,28,Male,Divorced,Good,College
1103,34,Male,Single,Good,Below College
1105,37,Female,Divorced,Better,Master
1106,25,Male,Married,Best,Below College
1107,26,Male,Divorced,Good,Bachelor
1108,33,Male,Single,Better,Bachelor
1109,42,Male,Married,Better,College
1111,28,Male,Divorced,Better,Bachelor
1113,50,Male,Single,Better,Master
1114,33,Female,Married,Better,Bachelor
1115,34,Male,Married,Better,Master
1116,48,Male,Single,Good,Master
1117,45,Female,Married,Better,Master
1118,52,Male,Single,Better,Master
1119,38,Male,Divorced,Better,Master
1120,29,Female,Divorced,Better,Master
1121,28,Female,Divorced,Good,Bachelor
1124,46,Male,Married,Better,Below College
1125,38,Male,Single,Better,College
1126,43,Female,Married,Better,Bachelor
1127,39,Male,Divorced,Better,Bachelor
1128,40,Male,Single,Best,Bachelor
1131,21,Female,Single,Best,Below College
1132,39,Male,Single,Good,Bachelor
1133,36,Male,Single,Better,Master
1135,31,Male,Married,Better,Bachelor
1136,28,Male,Married,Bad,Below College
1137,35,Male,Divorced,Better,College
1138,49,Male,Married,Better,Master
1140,34,Male,Single,Good,College
1143,29,Female,Divorced,Good,Bachelor
1148,42,Male,Single,Better,Bachelor
1150,29,Male,Married,Good,Below College
1152,38,Male,Married,Best,Bachelor
1154,28,Male,Divorced,Better,Bachelor
1156,18,Male,Single,Better,Below College
1157,33,Female,Single,Better,Master
1158,41,Male,Married,Better,Master
1160,31,Male,Married,Good,Bachelor
1161,37,Female,Divorced,Better,College
1162,27,Male,Married,Better,Bachelor
1163,34,Female,Married,Good,Below College
1164,35,Male,Single,Bad,Master
1165,29,Female,Married,Bad,Below College
1166,40,Female,Single,Good,Master
1167,42,Male,Single,Good,Bachelor
1171,42,Male,Single,Best,Master
1172,35,Male,Married,Better,Master
1173,24,Male,Single,Better,Bachelor
1175,28,Female,Married,Good,Below College
1177,26,Male,Married,Better,Master
1179,30,Male,Married,Better,Bachelor
1180,40,Female,Married,Bad,College
1182,35,Male,Divorced,Best,Bachelor
1184,34,Male,Single,Better,Bachelor
1185,35,Male,Married,Best,Master
1188,43,Female,Single,Good,Bachelor
1190,32,Female,Divorced,Better,Below College
1191,56,Female,Divorced,Better,Master
1192,29,Female,Married,Better,Below College
1193,19,Male,Single,Better,College
1195,45,Female,Married,Good,Bachelor
1196,37,Female,Married,Good,Bachelor
1198,20,Male,Single,Good,Bachelor
1200,44,Male,Single,Better,Master
1201,53,Female,Divorced,Better,College
1202,29,Female,Married,Good,Below College
1203,22,Male,Married,Better,Master
1204,46,Female,Married,Better,Bachelor
1206,44,Male,Single,Better,Bachelor
1207,33,Male,Married,Better,Bachelor
1210,41,Male,Divorced,Bad,College
1211,30,Male,Divorced,Better,Master
1212,40,Male,Married,Better,Master
1215,50,Female,Married,Better,Bachelor
1216,28,Male,Married,Better,Master
1217,46,Male,Married,Better,College
1218,35,Male,Married,Better,Master
1219,24,Female,Married,Bad,College
1220,33,Female,Married,Good,Bachelor
1221,36,Male,Divorced,Better,Master
1224,30,Male,Divorced,Good,Master
1225,44,Male,Single,Better,Master
1226,20,Male,Single,Better,Bachelor
1228,46,Male,Divorced,Good,Master
1231,42,Male,Married,Best,Doctor
1233,60,Male,Divorced,Better,Master
1234,32,Female,Married,Better,Bachelor
1235,32,Female,Single,Better,College
1237,36,Female,Divorced,Better,Bachelor
1238,33,Male,Married,Better,Bachelor
1239,40,Female,Divorced,Best,Bachelor
1240,25,Male,Single,Better,Master
1241,30,Male,Married,Better,Bachelor
1242,42,Female,Married,Better,Doctor
1243,35,Female,Married,Good,College
1244,27,Male,Married,Good,Bachelor
1245,54,Female,Divorced,Bad,Master
1246,44,Female,Married,Better,Below College
1248,19,Female,Single,Best,Bachelor
1249,29,Female,Divorced,Better,Bachelor
1250,54,Male,Married,Better,Bachelor
1251,31,Male,Married,Good,College
1252,31,Female,Single,Better,Bachelor
1254,59,Female,Single,Better,Bachelor
1255,43,Male,Married,Better,Bachelor
1256,49,Male,Married,Best,College
1257,36,Male,Married,Good,Bachelor
1258,48,Male,Single,Good,College
1259,27,Male,Divorced,Better,College
1260,29,Male,Divorced,Better,Bachelor
1263,48,Male,Single,Best,Bachelor
1264,29,Female,Divorced,Good,Bachelor
1265,34,Female,Married,Good,Bachelor
1267,44,Male,Married,Better,Bachelor
1268,33,Male,Divorced,Better,Doctor
1269,19,Female,Single,Better,Bachelor
1270,23,Male,Married,Better,College
1273,25,Male,Single,Better,Below College
1275,26,Male,Single,Good,College
1277,45,Female,Single,Better,Bachelor
1278,55,Male,Divorced,Better,Below College
1279,21,Female,Single,Bad,College
1280,46,Female,Married,Better,College
1281,34,Female,Single,Better,Bachelor
1282,51,Male,Divorced,Good,Bachelor
1283,59,Male,Single,Good,Master
1285,34,Female,Divorced,Best,Bachelor
1286,28,Male,Single,Good,Master
1288,44,Male,Divorced,Good,College
1289,34,Male,Married,Best,Bachelor
1291,35,Male,Married,Better,Below College
1292,42,Female,Married,Better,Master
1293,43,Female,Single,Best,Master
1294,36,Female,Single,Better,Master
1295,44,Female,Married,Better,Bachelor
1296,28,Male,Married,Better,Bachelor
1297,51,Female,Single,Good,College
1298,30,Female,Single,Better,College
1299,29,Female,Divorced,Better,Bachelor
1301,28,Male,Single,Good,Bachelor
1303,25,Female,Single,Good,Bachelor
1304,32,Male,Married,Best,Bachelor
1306,45,Female,Single,Better,Bachelor
1307,39,Female,Divorced,Better,Master
1308,58,Male,Divorced,Better,Master
1309,32,Male,Married,Better,College
1310,39,Male,Single,Better,Bachelor
1311,30,Female,Married,Better,Bachelor
1312,36,Female,Married,Better,Master
1314,46,Female,Single,Best,College
1315,28,Female,Married,Better,Bachelor
1317,50,Female,Married,Better,Bachelor
1318,40,Male,Single,Better,Master
1319,52,Male,Single,Good,Bachelor
1321,30,Female,Married,Better,Master
1322,39,Male,Single,Better,College
1324,31,Female,Divorced,Good,Master
1329,41,Male,Single,Better,College
1331,31,Female,Single,Best,Bachelor
1333,44,Male,Married,Best,Bachelor
1334,42,Male,Married,Good,Below College
1336,55,Female,Married,Better,College
1338,56,Male,Single,Better,Master
1340,40,Male,Divorced,Better,College
1344,34,Male,Divorced,Good,Bachelor
1346,40,Male,Single,Better,Bachelor
1349,41,Female,Divorced,Better,Bachelor
1350,35,Male,Single,Better,Master
1352,51,Male,Divorced,Better,Bachelor
1355,38,Female,Divorced,Better,College
1356,34,Female,Single,Best,College
1358,25,Male,Married,Good,Below College
1360,58,Female,Married,Good,Master
1361,40,Male,Married,Better,Master
1362,36,Female,Married,Good,Bachelor
1363,48,Male,Single,Better,Bachelor
1364,27,Female,Married,Better,Bachelor
1367,51,Female,Single,Good,College
1368,18,Female,Single,Best,Bachelor
1369,35,Female,Married,Better,Bachelor
1371,27,Male,Single,Better,Below College
1372,55,Male,Single,Good,Master
1373,56,Male,Married,Better,Bachelor
1374,34,Female,Divorced,Better,Below College
1375,40,Female,Divorced,Better,Below College
1377,34,Male,Married,Better,Bachelor
1379,31,Female,Single,Best,Bachelor
1380,35,Female,Married,Good,Master
1382,38,Male,Divorced,Better,Bachelor
1383,34,Female,Single,Best,Master
1387,28,Male,Married,Better,Bachelor
1389,31,Male,Married,Good,Master
1390,39,Male,Married,Best,Master
1391,51,Male,Married,Better,Bachelor
1392,41,Female,Divorced,Good,Bachelor
1394,37,Male,Married,Better,Below College
1395,33,Male,Married,Best,Below College
1396,32,Male,Married,Good,Below College
1397,39,Male,Married,Better,College
1399,25,Male,Married,Good,Below College
1401,52,Female,Married,Good,College
1402,43,Female,Single,Bad,Bachelor
1403,27,Female,Married,Better,Bachelor
1405,27,Female,Single,Better,Master
1407,26,Male,Single,Better,Below College
1408,42,Female,Married,Better,Bachelor
1409,52,Female,Married,Bad,Master
1411,37,Female,Single,Better,Bachelor
1412,35,Male,Single,Better,College
1415,25,Male,Married,Good,Bachelor
1417,26,Male,Single,Better,Bachelor
1419,29,Male,Single,Good,Bachelor
1420,49,Male,Single,Better,College
1421,29,Female,Single,Better,Below College
1422,54,Female,Single,Good,Bachelor
1423,58,Female,Married,Better,Bachelor
1424,55,Male,Divorced,Best,Master
1425,36,Female,Single,Better,Master
1427,31,Female,Single,Better,Master
1428,30,Female,Divorced,Better,Master
1430,31,Female,Single,Best,Doctor
1431,34,Male,Divorced,Better,Master
1433,31,Female,Single,Best,Bachelor
1434,27,Male,Married,Best,Below College
1435,36,Male,Single,Good,Master
1436,36,Female,Married,Good,Master
1438,47,Male,Married,Good,Bachelor
1439,25,Male,Married,Better,College
1440,37,Male,Single,Bad,College
1441,56,Female,Married,Best,College
1443,47,Female,Married,Best,Master
1445,24,Female,Married,Better,Below College
1446,32,Male,Married,Good,Doctor
1447,34,Female,Married,Good,Bachelor
1448,41,Male,Married,Good,Doctor
1449,40,Male,Divorced,Best,Master
1453,31,Male,Divorced,Better,College
1457,46,Male,Divorced,Best,Bachelor
1458,39,Female,Single,Best,Bachelor
1459,31,Female,Single,Better,Doctor
1460,45,Male,Divorced,Better,Bachelor
1461,31,Female,Single,Better,College
1464,31,Male,Married,Bad,Bachelor
1465,45,Male,Married,Best,Bachelor
1466,48,Male,Divorced,Better,Bachelor
1467,34,Female,Married,Better,Master
1468,40,Male,Divorced,Better,Below College
1469,28,Male,Single,Better,Bachelor
1471,44,Male,Single,Better,Bachelor
1472,53,Male,Single,Good,Bachelor
1473,49,Male,Married,Good,Master
1474,40,Male,Divorced,Best,Bachelor
1475,44,Male,Single,Good,Bachelor
1477,33,Male,Married,Better,Bachelor
1478,34,Male,Single,Better,Bachelor
1479,30,Male,Married,Good,Below College
1480,42,Female,Single,Better,College
1481,44,Female,Married,Good,Doctor
1482,30,Male,Divorced,Good,Bachelor
1483,57,Male,Married,Good,College
1484,49,Male,Divorced,Better,Master
1485,34,Male,Divorced,Good,Bachelor
1486,28,Male,Married,Best,Bachelor
1487,29,Female,Single,Bad,Bachelor
1489,34,Female,Single,Best,Master
1492,35,Male,Married,Better,Below College
1494,24,Male,Single,Good,Bachelor
1495,24,Female,Married,Better,College
1496,44,Male,Single,Good,Below College
1497,29,Male,Divorced,Better,Bachelor
1499,30,Male,Divorced,Best,Bachelor
1501,55,Male,Married,Better,Master
1502,33,Female,Married,Better,Master
1503,47,Female,Married,Good,Bachelor
1504,28,Male,Single,Good,College
1506,28,Male,Divorced,Bad,Bachelor
1507,28,Male,Single,Better,Bachelor
1509,49,Female,Married,Better,College
1513,29,Female,Married,Better,Below College
1514,28,Male,Married,Good,Below College
1515,33,Male,Single,Better,Doctor
1516,32,Male,Single,Best,Bachelor
1520,54,Female,Divorced,Better,Master
1522,29,Male,Single,Bad,Master
1523,44,Male,Married,Best,Bachelor
1525,39,Female,Single,Better,Bachelor
1527,46,Female,Married,Best,Bachelor
1529,35,Female,Single,Bad,Bachelor
1533,23,Male,Single,Better,Below College
1534,40,Male,Single,Bad,Master
1535,34,Male,Married,Better,Bachelor
1537,31,Female,Single,Bad,Bachelor
1539,50,Male,Single,Better,Doctor
1541,34,Male,Married,Better,College
1542,42,Male,Married,Better,Bachelor
1543,37,Male,Married,Better,Bachelor
1544,29,Female,Married,Better,Below College
1545,33,Male,Single,Better,Bachelor
1546,45,Male,Married,Better,Bachelor
1547,42,Male,Married,Bad,Bachelor
1548,40,Male,Married,Best,College
1549,33,Male,Married,Better,Master
1550,40,Male,Single,Better,College
1551,24,Male,Divorced,Better,College
1552,40,Male,Divorced,Better,College
1553,45,Male,Divorced,Better,Master
1554,35,Female,Married,Better,Master
1555,32,Female,Married,Better,College
1556,36,Male,Single,Good,Master
1557,48,Female,Divorced,Better,Master
1558,29,Male,Married,Good,Bachelor
1560,33,Male,Married,Bad,Master
1562,30,Male,Married,Better,Bachelor
1563,38,Male,Married,Better,Master
1564,35,Male,Single,Better,Bachelor
1568,30,Male,Married,Better,Master
1569,35,Female,Divorced,Better,Bachelor
1572,53,Female,Married,Better,Doctor
1573,38,Male,Married,Better,Bachelor
1574,32,Male,Married,Good,Master
1576,48,Female,Married,Good,Master
1577,34,Male,Single,Bad,Master
1578,55,Male,Married,Better,Doctor
1580,34,Male,Married,Good,Master
1581,26,Female,Married,Better,Bachelor
1582,38,Male,Married,Better,Bachelor
1583,38,Female,Single,Best,Bachelor
1585,36,Female,Single,Better,Master
1586,29,Male,Single,Better,Below College
1587,35,Female,Single,Better,Master
1588,39,Male,Married,Better,Bachelor
1590,29,Male,Divorced,Best,Below College
1591,50,Male,Married,Better,Bachelor
1592,23,Male,Married,Better,Bachelor
1594,36,Male,Married,Better,Master
1595,42,Male,Single,Better,College
1596,35,Male,Married,Good,Bachelor
1597,34,Male,Married,Good,Master
1598,40,Female,Married,Better,College
1599,43,Male,Divorced,Better,Bachelor
1601,35,Male,Married,Good,College
1602,46,Male,Single,Bad,Master
1604,28,Male,Married,Better,Bachelor
1605,22,Female,Married,Good,College
1606,50,Male,Married,Better,Doctor
1607,32,Female,Married,Better,Master
1608,44,Female,Divorced,Good,Bachelor
1609,30,Male,Married,Good,Bachelor
1611,45,Female,Single,Better,Doctor
1612,45,Male,Married,Better,Bachelor
1613,31,Male,Single,Better,Master
1614,36,Female,Married,Better,Master
1615,34,Male,Divorced,Better,Master
1617,49,Female,Married,Good,Master
1618,39,Male,Married,Better,Doctor
1619,27,Male,Divorced,Better,Bachelor
1621,35,Male,Married,Better,Doctor
1622,28,Female,Divorced,Good,Bachelor
1623,21,Male,Single,Better,Below College
1624,18,Female,Single,Best,College
1625,47,Female,Married,Better,Master
1627,39,Male,Divorced,Better,College
1628,40,Female,Married,Better,Bachelor
1630,35,Female,Married,Better,Master
1631,37,Male,Married,Good,Bachelor
1633,39,Female,Single,Bad,Bachelor
1635,45,Female,Divorced,Better,College
1638,38,Female,Married,Best,College
1639,35,Male,Married,Better,Bachelor
1640,37,Female,Married,Bad,Bachelor
1641,40,Female,Single,Good,Bachelor
1642,44,Male,Married,Better,Doctor
1644,48,Male,Married,Better,Doctor
1645,35,Male,Divorced,Good,College
1646,24,Female,Single,Better,Below College
1647,27,Female,Married,Better,Bachelor
1648,27,Male,Single,Good,Bachelor
1649,40,Male,Single,Bad,Bachelor
1650,29,Male,Single,Better,Bachelor
1651,36,Female,Married,Better,Master
1653,25,Male,Divorced,Better,Below College
1654,39,Male,Married,Better,Bachelor
1655,49,Female,Married,Better,Master
1656,50,Female,Divorced,Better,Doctor
1657,20,Female,Single,Better,Bachelor
1658,34,Female,Divorced,Better,Bachelor
1659,36,Male,Single,Better,Bachelor
1661,49,Female,Married,Better,Below College
1662,36,Female,Married,Better,Master
1664,36,Male,Divorced,Better,College
1665,54,Female,Married,Better,Doctor
1666,43,Male,Married,Better,College
1667,35,Male,Single,Best,Master
1668,38,Male,Married,Best,Bachelor
1669,29,Male,Divorced,Good,Bachelor
1670,33,Male,Divorced,Better,Master
1671,32,Male,Divorced,Good,Bachelor
1673,31,Female,Married,Better,Master
1674,49,Female,Divorced,Good,Bachelor
1675,38,Female,Single,Better,Bachelor
1676,47,Female,Divorced,Better,Master
1677,49,Male,Single,Better,Bachelor
1678,41,Male,Single,Better,College
1680,20,Male,Single,Better,Below College
1681,33,Female,Divorced,Better,Bachelor
1682,36,Male,Married,Good,Master
1683,44,Female,Divorced,Better,Bachelor
1684,23,Male,Single,Better,Below College
1687,38,Female,Married,Good,College
1689,53,Male,Married,Better,Master
1691,48,Female,Married,Better,College
1692,32,Male,Single,Better,Master
1693,26,Male,Single,Better,Bachelor
1694,55,Male,Divorced,Better,Bachelor
1696,34,Male,Married,Best,College
1697,60,Male,Divorced,Best,Master
1698,33,Male,Married,Better,Bachelor
1700,37,Male,Divorced,Good,Master
1701,34,Female,Married,Better,Bachelor
1702,23,Male,Divorced,Better,Bachelor
1703,44,Female,Married,Better,Bachelor
1704,35,Male,Single,Best,Master
1706,43,Male,Married,Better,Bachelor
1707,24,Male,Married,Better,Bachelor
1708,41,Male,Single,Better,Bachelor
1709,29,Female,Married,Better,Master
1710,36,Female,Single,Good,Master
1712,45,Male,Married,Good,Below College
1714,24,Male,Married,Better,Below College
1716,47,Male,Married,Bad,Bachelor
1718,26,Male,Married,Best,Master
1719,45,Female,Single,Better,College
1720,32,Male,Married,Good,Bachelor
1721,31,Male,Married,Best,Master
1722,41,Male,Married,Better,Bachelor
1724,40,Female,Married,Better,College
1725,24,Male,Divorced,Best,Below College
1727,46,Male,Single,Better,Master
1728,35,Male,Married,Better,Master
1729,30,Male,Married,Good,Below College
1731,47,Male,Married,Bad,Master
1732,46,Male,Divorced,Good,Bachelor
1733,36,Male,Divorced,Better,Doctor
1734,32,Male,Single,Better,College
1735,23,Female,Single,Bad,Below College
1736,31,Female,Single,Good,Below College
1737,39,Male,Married,Better,Bachelor
1739,32,Male,Married,Bad,Bachelor
1740,40,Male,Single,Good,Master
1744,45,Female,Married,Best,Bachelor
1745,30,Female,Single,Better,Master
1746,24,Male,Married,Better,Bachelor
1747,30,Female,Divorced,Good,Bachelor
1749,31,Male,Married,Better,Bachelor
1751,27,Female,Single,Good,Bachelor
1752,29,Female,Single,Better,Bachelor
1753,29,Male,Single,Best,Bachelor
1754,30,Male,Divorced,Better,College
1755,34,Male,Married,Better,Master
1756,33,Female,Single,Good,Bachelor
1757,49,Female,Single,Best,Master
1758,33,Female,Single,Good,Bachelor
1760,38,Female,Married,Good,College
1761,31,Male,Married,Better,Master
1762,29,Female,Divorced,Better,Bachelor
1763,30,Male,Married,Better,Bachelor
1764,32,Male,Single,Better,Master
1766,38,Male,Married,Better,Bachelor
1767,43,Male,Married,Better,Bachelor
1768,42,Male,Divorced,Good,Bachelor
1770,55,Male,Married,Better,Bachelor
1771,33,Male,Divorced,Good,Bachelor
1772,41,Male,Divorced,Better,Master
1774,34,Male,Divorced,Better,Bachelor
1775,53,Female,Married,Good,Master
1778,43,Male,Single,Better,Bachelor
1779,34,Female,Single,Better,College
1780,21,Male,Single,Better,Below College
1782,38,Female,Married,Better,College
1783,22,Female,Married,Better,Below College
1784,31,Female,Married,Better,Master
1786,51,Female,Married,Better,Bachelor
1787,37,Male,Married,Better,College
1789,46,Male,Divorced,Better,Master
1790,36,Male,Married,Better,Bachelor
1792,44,Male,Divorced,Good,College
1794,37,Male,Divorced,Good,College
1797,35,Male,Single,Better,Bachelor
1798,33,Male,Married,Better,Master
1799,28,Male,Married,Best,Bachelor
1800,39,Male,Single,Better,Below College
1801,46,Male,Single,Better,College
1802,40,Female,Married,Good,College
1803,42,Male,Married,Good,Bachelor
1804,35,Male,Divorced,Better,College
1805,38,Male,Divorced,Better,Bachelor
1807,34,Male,Married,Good,Master
1809,37,Male,Single,Bad,Master
1812,39,Male,Divorced,Better,Bachelor
1813,43,Male,Single,Good,Bachelor
1814,41,Male,Single,Bad,Bachelor
1815,41,Female,Divorced,Best,Below College
1816,30,Female,Single,Better,Bachelor
1818,26,Female,Married,Better,College
1821,46,Female,Married,Best,College
1822,40,Female,Divorced,Better,Bachelor
1823,34,Male,Married,Better,College
1824,58,Male,Divorced,Good,Bachelor
1826,35,Male,Married,Best,Master
1827,47,Female,Divorced,Better,Bachelor
1829,40,Female,Divorced,Better,Bachelor
1830,54,Female,Married,Good,Master
1833,31,Female,Married,Better,Master
1834,28,Female,Married,Better,Bachelor
1835,38,Female,Married,Good,Master
1836,26,Male,Single,Better,Bachelor
1837,58,Male,Married,Better,Master
1839,18,Female,Single,Bad,Bachelor
1842,31,Male,Married,Better,Doctor
1844,29,Male,Divorced,Better,Bachelor
1845,45,Female,Married,Best,Master
1847,36,Female,Married,Better,Master
1849,43,Male,Married,Better,Master
1850,27,Female,Single,Good,College
1852,29,Male,Married,Best,Below College
1853,32,Male,Single,Best,Master
1854,42,Male,Married,Good,Master
1856,47,Female,Single,Better,Master
1857,46,Male,Divorced,Good,College
1858,28,Male,Divorced,Better,College
1859,29,Male,Divorced,Better,Below College
1860,42,Male,Single,Better,Bachelor
1862,32,Male,Single,Good,Master
1863,46,Female,Divorced,Better,Bachelor
1864,27,Female,Married,Better,Below College
1865,29,Male,Married,Better,Below College
1866,43,Female,Married,Better,Bachelor
1867,48,Male,Married,Better,Bachelor
1868,29,Male,Single,Good,College
1869,46,Female,Married,Better,Bachelor
1870,27,Female,Married,Good,Bachelor
1871,39,Male,Divorced,Better,Master
1873,55,Male,Married,Best,Master
1875,28,Female,Married,Better,Bachelor
1876,30,Male,Single,Good,Bachelor
1878,22,Male,Single,Better,Below College
1880,36,Female,Married,Better,Master
1881,31,Male,Divorced,Better,Bachelor
1882,34,Male,Married,Better,Bachelor
1883,29,Male,Single,Better,Bachelor
1885,37,Male,Married,Better,Master
1886,35,Female,Married,Better,College
1888,45,Female,Married,Good,College
1890,36,Male,Single,Good,Below College
1892,40,Male,Divorced,Better,Master
1893,26,Female,Married,Good,College
1898,27,Female,Single,Good,College
1900,48,Female,Divorced,Better,Bachelor
1903,44,Male,Married,Better,Master
1905,34,Male,Married,Better,Master
1907,56,Male,Single,Better,College
1908,36,Male,Married,Bad,College
1909,41,Female,Married,Better,Bachelor
1911,42,Male,Married,Best,Bachelor
1912,31,Female,Divorced,Better,College
1915,34,Female,Married,Good,Below College
1916,31,Female,Divorced,Good,Bachelor
1918,26,Male,Married,Better,Bachelor
1922,45,Male,Single,Better,Master
1924,33,Male,Single,Good,Master
1927,28,Male,Married,Better,College
1928,29,Male,Single,Better,Bachelor
1929,39,Female,Married,Better,Master
1931,27,Male,Married,Good,Master
1932,34,Male,Married,Better,Master
1933,28,Female,Single,Better,College
1934,47,Male,Married,Best,Master
1935,56,Female,Married,Better,Doctor
1936,39,Male,Married,Better,College
1937,38,Female,Divorced,Better,Bachelor
1938,58,Female,Married,Good,Bachelor
1939,32,Female,Single,Better,College
1940,38,Male,Divorced,Best,College
1941,49,Male,Married,Better,Below College
1943,42,Male,Divorced,Better,Master
1944,27,Female,Married,Better,Bachelor
1945,35,Male,Married,Bad,Master
1947,28,Male,Single,Good,Bachelor
1948,31,Male,Divorced,Best,College
1949,36,Male,Married,Better,Master
1950,34,Male,Single,Good,Bachelor
1951,34,Male,Divorced,Good,Master
1952,26,Male,Single,Good,Bachelor
1954,29,Male,Married,Good,Bachelor
1955,32,Female,Divorced,Better,Master
1956,31,Male,Married,Better,Bachelor
1960,28,Male,Divorced,Good,Bachelor
1961,38,Male,Single,Good,Bachelor
1962,35,Female,Married,Better,Master
1965,27,Male,Single,Better,Bachelor
1966,32,Male,Single,Better,Master
1967,31,Male,Married,Better,Master
1968,53,Male,Single,Good,Master
1969,54,Female,Married,Good,College
1970,33,Male,Divorced,Better,College
1971,43,Male,Married,Better,Bachelor
1972,38,Male,Married,Better,Master
1973,55,Male,Married,Better,Master
1974,31,Female,Divorced,Better,Below College
1975,39,Male,Single,Better,Master
1976,42,Male,Single,Better,College
1979,31,Female,Married,Best,Bachelor
1980,54,Female,Single,Better,Bachelor
1981,24,Male,Single,Good,College
1982,23,Male,Single,Best,College
1985,40,Female,Married,Best,Bachelor
1986,40,Female,Married,Better,College
1987,25,Female,Married,Better,Bachelor
1989,30,Male,Married,Good,College
1992,25,Male,Divorced,Good,Below College
1993,47,Male,Single,Better,Bachelor
1994,33,Male,Divorced,Good,College
1995,38,Male,Married,Better,Master
1996,31,Male,Married,Better,College
1997,38,Male,Married,Better,Master
1998,42,Male,Divorced,Good,Master
1999,41,Male,Married,Better,Bachelor
2000,47,Female,Married,Bad,Below College
2003,35,Male,Married,Better,Master
2007,22,Male,Single,Best,College
2008,35,Male,Single,Better,Master
2009,33,Female,Married,Better,College
2010,32,Female,Single,Better,Master
2012,40,Male,Married,Good,Master
2013,32,Male,Married,Better,Master
2014,39,Male,Single,Better,Below College
2015,38,Female,Married,Better,Bachelor
2016,32,Female,Married,Better,Master
2017,37,Female,Married,Better,Bachelor
2018,25,Female,Divorced,Good,College
2019,52,Male,Divorced,Good,Master
2020,44,Male,Single,Better,Bachelor
2021,21,Male,Single,Better,Below College
2022,39,Male,Single,Good,Bachelor
2023,23,Male,Married,Good,Bachelor
2024,36,Female,Married,Better,Bachelor
2025,36,Female,Divorced,Better,College
2026,56,Male,Divorced,Good,Master
2027,29,Male,Married,Best,Master
2031,42,Male,Married,Good,Bachelor
2032,56,Male,Married,Bad,College
2034,41,Female,Married,Better,Master
2035,34,Female,Married,Better,Bachelor
2036,36,Male,Divorced,Good,Master
2037,41,Male,Divorced,Better,Bachelor
2038,32,Male,Single,Better,Bachelor
2040,35,Female,Single,Better,Master
2041,38,Female,Married,Better,College
2044,50,Male,Divorced,Better,Master
2045,36,Female,Married,Good,Master
2046,45,Female,Single,Better,Bachelor
2048,40,Male,Single,Better,Master
2049,35,Male,Married,Best,Master
2051,40,Female,Married,Better,Master
2052,35,Female,Married,Better,Master
2053,29,Male,Married,Better,College
2054,29,Female,Single,Bad,Master
2055,50,Male,Divorced,Better,Bachelor
2056,39,Female,Married,Good,Below College
2057,31,Male,Single,Better,Bachelor
2060,26,Female,Single,Better,Bachelor
2061,36,Male,Married,Better,College
2062,39,Male,Married,Better,Below College
2064,27,Male,Married,Better,Bachelor
2065,49,Male,Married,Good,Bachelor
2068,34,Male,Married,Best,Bachelor
